Canal,Fecha,descripcion,precio,ahorro
Costco,02-04-2024,LG Refrigerador 27´Duplex Instaview Door in Door con Dispensador de agua,,https://www.costco.com.mx/Linea-Blanca-y-Cocina/Linea-Blanca/Refrigeradores-y-Congeladores/LG-Refrigerador-27Duplex-Instaview-Door-in-Door-con-Dispensador-de-agua/p/668539
Costco,02-04-2024,"Teka Refrigerador de 19' cuatro puertas dual cooling system, color acero inoxidable",,https://www.costco.com.mx/Linea-Blanca-y-Cocina/Linea-Blanca/Refrigeradores-y-Congeladores/Teka-Refrigerador-de-19-cuatro-puertas-dual-cooling-system-color-acero-inoxidable/p/521310
Costco,02-04-2024,LG Refrigerador 29' French Door Multi-Air Flow,,https://www.costco.com.mx/Linea-Blanca-y-Cocina/Linea-Blanca/Refrigeradores-y-Congeladores/LG-Refrigerador-29-French-Door-Multi-Air-Flow/p/675431
Costco,02-04-2024,Dace Refrigerador 7' ,,https://www.costco.com.mx/Linea-Blanca-y-Cocina/Linea-Blanca/Refrigeradores-y-Congeladores/Dace-Refrigerador-7/p/675388
Costco,02-04-2024,LG Refrigerador 25' French Door Door Cooling,,https://www.costco.com.mx/Linea-Blanca-y-Cocina/Linea-Blanca/Refrigeradores-y-Congeladores/LG-Refrigerador-25-French-Door-Door-Cooling/p/656465
Costco,02-04-2024,LG Refrigerador 20' Top Mount Multi-Air Flow,,https://www.costco.com.mx/Linea-Blanca-y-Cocina/Linea-Blanca/Refrigeradores-y-Congeladores/LG-Refrigerador-20-Top-Mount-Multi-Air-Flow/p/659548
Costco,02-04-2024,LG Refrigerador 22' French Door con Dispensador de agua,,https://www.costco.com.mx/Linea-Blanca-y-Cocina/Linea-Blanca/Refrigeradores-y-Congeladores/LG-Refrigerador-22-French-Door-con-Dispensador-de-agua/p/625824
Costco,02-04-2024,Danby Congelador 10´,,https://www.costco.com.mx/Linea-Blanca-y-Cocina/Linea-Blanca/Refrigeradores-y-Congeladores/Danby-Congelador-10/p/791005
Costco,02-04-2024,Hisense Refrigerador 21'  cuatro puertas,,https://www.costco.com.mx/Linea-Blanca-y-Cocina/Linea-Blanca/Refrigeradores-y-Congeladores/Hisense-Refrigerador-21-cuatro-puertas/p/677230
Costco,02-04-2024,LG Refrigerador 30' Instaview Door-in-Door,,https://www.costco.com.mx/Linea-Blanca-y-Cocina/Linea-Blanca/Refrigeradores-y-Congeladores/LG-Refrigerador-30-Instaview-Door-in-Door/p/657755
Costco,02-04-2024,LG Refrigerador 28' French Door Door Cooling,,https://www.costco.com.mx/Linea-Blanca-y-Cocina/Linea-Blanca/Refrigeradores-y-Congeladores/LG-Refrigerador-28-French-Door-Door-Cooling/p/674427
Costco,02-04-2024,"LG Refrigerador 22' Duplex Door in Door, Door Cooling",,https://www.costco.com.mx/Linea-Blanca-y-Cocina/Linea-Blanca/Refrigeradores-y-Congeladores/LG-Refrigerador-22-Duplex-Door-in-Door-Door-Cooling/p/668446
Costco,02-04-2024,Samsung Refrigerador de 32´ French Door con Centro de Bebidas ,,https://www.costco.com.mx/Linea-Blanca-y-Cocina/Linea-Blanca/Refrigeradores-y-Congeladores/Samsung-Refrigerador-de-32-French-Door-con-Centro-de-Bebidas/p/681751
Costco,02-04-2024,Maytag Refrigerador 25' French Door,,https://www.costco.com.mx/Linea-Blanca-y-Cocina/Linea-Blanca/Refrigeradores-y-Congeladores/Maytag-Refrigerador-25-French-Door/p/649824
Costco,02-04-2024,LG Refrigerador 27' Duplex con Dispensador de agua,,https://www.costco.com.mx/Linea-Blanca-y-Cocina/Linea-Blanca/Refrigeradores-y-Congeladores/LG-Refrigerador-27-Duplex-con-Dispensador-de-agua/p/671692
Costco,02-04-2024,Whirlpool Refrigerador 25' 7WRS25SDHM,,https://www.costco.com.mx/Linea-Blanca-y-Cocina/Linea-Blanca/Refrigeradores-y-Congeladores/Whirlpool-Refrigerador-25-7WRS25SDHM/p/678130
Costco,02-04-2024,Samsung Refrigerador 32´ French Door,,https://www.costco.com.mx/Linea-Blanca-y-Cocina/Linea-Blanca/Refrigeradores-y-Congeladores/Samsung-Refrigerador-32-French-Door/p/681343
Costco,02-04-2024,Whirlpool Congelador horizontal 7',,https://www.costco.com.mx/Linea-Blanca-y-Cocina/Linea-Blanca/Refrigeradores-y-Congeladores/Whirlpool-Congelador-horizontal-7/p/670471
Costco,02-04-2024,Whirlpool Congelador horizontal 11',,https://www.costco.com.mx/Linea-Blanca-y-Cocina/Linea-Blanca/Refrigeradores-y-Congeladores/Whirlpool-Congelador-horizontal-11/p/670473
Costco,02-04-2024,Teka Refrigerador 27´Side by Side,,https://www.costco.com.mx/Linea-Blanca-y-Cocina/Linea-Blanca/Refrigeradores-y-Congeladores/Teka-Refrigerador-27Side-by-Side/p/680478
Costco,02-04-2024,Samsung Refrigerador 31' French Door,,https://www.costco.com.mx/Linea-Blanca-y-Cocina/Linea-Blanca/Refrigeradores-y-Congeladores/Samsung-Refrigerador-31-French-Door/p/681344
Costco,02-04-2024,Samsung Refrigerador 31' French Door Family Hub,,https://www.costco.com.mx/Linea-Blanca-y-Cocina/Linea-Blanca/Refrigeradores-y-Congeladores/Samsung-Refrigerador-31-French-Door-Family-Hub/p/681746
Costco,02-04-2024,Whirlpool Refrigerador 21' French Door,,https://www.costco.com.mx/Linea-Blanca-y-Cocina/Linea-Blanca/Refrigeradores-y-Congeladores/Whirlpool-Refrigerador-21-French-Door/p/677228
Costco,02-04-2024,Whirlpool Refrigerador 25' Side by Side,,https://www.costco.com.mx/Linea-Blanca-y-Cocina/Linea-Blanca/Refrigeradores-y-Congeladores/Whirlpool-Refrigerador-25-Side-by-Side/p/674600
Costco,02-04-2024,Maytag Lavadora 25 KG,,https://www.costco.com.mx/Linea-Blanca-y-Cocina/Linea-Blanca/Lavadoras-y-Secadoras/Maytag-Lavadora-25-KG/p/682698
Costco,02-04-2024,Whirlpool centro de lavado 20kg / 10Kg de gas ,,https://www.costco.com.mx/Linea-Blanca-y-Cocina/Linea-Blanca/Lavadoras-y-Secadoras/Whirlpool-centro-de-lavado-20kg-10Kg-de-gas/p/652706
Costco,02-04-2024,LG Lavasecadora 22Kg / 13Kg con pedestal,,https://www.costco.com.mx/Linea-Blanca-y-Cocina/Linea-Blanca/Lavadoras-y-Secadoras/LG-Lavasecadora-22Kg-13Kg-con-pedestal/p/674138
Costco,02-04-2024,Whirlpool Lavadora 24Kg,,https://www.costco.com.mx/Linea-Blanca-y-Cocina/Linea-Blanca/Lavadoras-y-Secadoras/Whirlpool-Lavadora-24Kg/p/682441
Costco,02-04-2024,LG Lavasecadora 22Kg / 13Kg con pedestal,,https://www.costco.com.mx/Linea-Blanca-y-Cocina/Linea-Blanca/Lavadoras-y-Secadoras/LG-Lavasecadora-22Kg-13Kg-con-pedestal/p/674919
Costco,02-04-2024,LG Torre de lavado eléctrica WashTower™ gris 22Kg / 22Kg,,https://www.costco.com.mx/Linea-Blanca-y-Cocina/Linea-Blanca/Lavadoras-y-Secadoras/LG-Torre-de-lavado-electrica-WashTower-gris-22Kg-22Kg/p/681794
Costco,02-04-2024,Maytag Lavadora 22Kg con Pedestal,,https://www.costco.com.mx/Linea-Blanca-y-Cocina/Linea-Blanca/Lavadoras-y-Secadoras/Maytag-Lavadora-22Kg-con-Pedestal/p/660426
Costco,02-04-2024,LG Lavasecadora 16Kg / 8Kg,,https://www.costco.com.mx/Linea-Blanca-y-Cocina/Linea-Blanca/Lavadoras-y-Secadoras/LG-Lavasecadora-16Kg-8Kg/p/662455
Costco,02-04-2024,LG Lavasecadora 22kg / 13Kg + twin wash mini 3.5Kg,,https://www.costco.com.mx/Linea-Blanca-y-Cocina/Linea-Blanca/Lavadoras-y-Secadoras/LG-Lavasecadora-22kg-13Kg-twin-wash-mini-35Kg/p/674473
Costco,02-04-2024,Whirlpool Centro de lavado 20Kg / 10Kg eléctrico,,https://www.costco.com.mx/Linea-Blanca-y-Cocina/Linea-Blanca/Lavadoras-y-Secadoras/Whirlpool-Centro-de-lavado-20Kg-10Kg-electrico/p/652707
Costco,02-04-2024,Maytag Secadora de gas 19Kg,,https://www.costco.com.mx/Linea-Blanca-y-Cocina/Linea-Blanca/Lavadoras-y-Secadoras/Maytag-Secadora-de-gas-19Kg/p/522129
Costco,02-04-2024,Maytag Secadora de gas 28Kg Carga Superior ,,https://www.costco.com.mx/Linea-Blanca-y-Cocina/Linea-Blanca/Lavadoras-y-Secadoras/Maytag-Secadora-de-gas-28Kg-Carga-Superior/p/668322
Costco,02-04-2024,LG Torre de lavado de gas WashTower™ gris 22Kg / 22Kg,,https://www.costco.com.mx/Linea-Blanca-y-Cocina/Linea-Blanca/Lavadoras-y-Secadoras/LG-Torre-de-lavado-de-gas-WashTower-gris-22Kg-22Kg/p/668513
Costco,02-04-2024,Samsung Lavadora 22Kg,,https://www.costco.com.mx/Linea-Blanca-y-Cocina/Linea-Blanca/Lavadoras-y-Secadoras/Samsung-Lavadora-22Kg/p/676247
Costco,02-04-2024,LG Secadora de gas 25 Kg,,https://www.costco.com.mx/Linea-Blanca-y-Cocina/Linea-Blanca/Lavadoras-y-Secadoras/LG-Secadora-de-gas-25-Kg/p/669995
Costco,02-04-2024,Maytag Secadora 26 KG,,https://www.costco.com.mx/Linea-Blanca-y-Cocina/Linea-Blanca/Lavadoras-y-Secadoras/Maytag-Secadora-26-KG/p/682702
Costco,02-04-2024,GE Centro de lavado 20Kg / 20Kg de gas,,https://www.costco.com.mx/Linea-Blanca-y-Cocina/Linea-Blanca/Lavadoras-y-Secadoras/GE-Centro-de-lavado-20Kg-20Kg-de-gas/p/663465
Costco,02-04-2024,Maytag Lavadora 20Kg,,https://www.costco.com.mx/Linea-Blanca-y-Cocina/Linea-Blanca/Lavadoras-y-Secadoras/Maytag-Lavadora-20Kg/p/593501
Costco,02-04-2024,LG Lavadora 22Kg con pedestal carga frontal,,https://www.costco.com.mx/Linea-Blanca-y-Cocina/Linea-Blanca/Lavadoras-y-Secadoras/LG-Lavadora-22Kg-con-pedestal-carga-frontal/p/673524
Costco,02-04-2024,"Ninja Foodi, Horno con Freidora de Aire 10 en 1 XL",,https://www.costco.com.mx/Electrodomesticos/Electrodomesticos-de-Cocina/Hornos-Electricos-y-Microondas/Ninja-Foodi-Horno-con-Freidora-de-Aire-10-en-1-XL/p/1532177
Costco,02-04-2024,Maytag Secadora de gas 22Kg con Pedestal,,https://www.costco.com.mx/Linea-Blanca-y-Cocina/Linea-Blanca/Lavadoras-y-Secadoras/Maytag-Secadora-de-gas-22Kg-con-Pedestal/p/660422
Costco,02-04-2024,Whirlpool Lavadora 20Kg top load,,https://www.costco.com.mx/Linea-Blanca-y-Cocina/Linea-Blanca/Lavadoras-y-Secadoras/Whirlpool-Lavadora-20Kg-top-load/p/662833
Costco,02-04-2024,Samsung Lavasecadora 12.5 Kg / 7 Kg,,https://www.costco.com.mx/Linea-Blanca-y-Cocina/Linea-Blanca/Lavadoras-y-Secadoras/Samsung-Lavasecadora-125-Kg-7-Kg/p/670277
Costco,02-04-2024,Whirlpool Lavadora carga superior 27Kg,,https://www.costco.com.mx/Linea-Blanca-y-Cocina/Linea-Blanca/Lavadoras-y-Secadoras/Whirlpool-Lavadora-carga-superior-27Kg/p/674604
Costco,02-04-2024,Samsung Lavasecadora 22Kg / 13Kg con pedestal,,https://www.costco.com.mx/Linea-Blanca-y-Cocina/Linea-Blanca/Lavadoras-y-Secadoras/Samsung-Lavasecadora-22Kg-13Kg-con-pedestal/p/665578
Costco,02-04-2024,"Gourmia, Horno y Freidora de Aire Digital , 14 en 1",,https://www.costco.com.mx/Electrodomesticos/Electrodomesticos-de-Cocina/Hornos-Electricos-y-Microondas/Gourmia-Horno-y-Freidora-de-Aire-Digital-14-en-1/p/681900
Costco,02-04-2024,"Sur La Table Freidora de Aire con Rosticero , 12.3 litros",,https://www.costco.com.mx/Electrodomesticos/Electrodomesticos-de-Cocina/Hornos-Electricos-y-Microondas/Sur-La-Table-Freidora-de-Aire-con-Rosticero-123-litros/p/3443715
Costco,02-04-2024,Sur La Table Horno de Microondas 1.2' Inverter,,https://www.costco.com.mx/Electrodomesticos/Electrodomesticos-de-Cocina/Hornos-Electricos-y-Microondas/Sur-La-Table-Horno-de-Microondas-12-Inverter/p/675196
Costco,02-04-2024,Samsung horno de microondas 1.4' con grill,,https://www.costco.com.mx/Electrodomesticos/Electrodomesticos-de-Cocina/Hornos-Electricos-y-Microondas/Samsung-horno-de-microondas-14-con-grill/p/627826
Costco,02-04-2024,Samsung horno de microondas + grill 1.0',,https://www.costco.com.mx/Electrodomesticos/Electrodomesticos-de-Cocina/Hornos-Electricos-y-Microondas/Samsung-horno-de-microondas-grill-10/p/508053
Costco,02-04-2024,Cuisinart Tostador de Acero para 2 Rebanadas,,https://www.costco.com.mx/Electrodomesticos/Electrodomesticos-de-Cocina/Hornos-Electricos-y-Microondas/Cuisinart-Tostador-de-Acero-para-2-Rebanadas/p/6640772
Costco,02-04-2024,"Microondas Whirlpool de 1.1' con potencia grill, color silver acabado espejo ",,https://www.costco.com.mx/Electrodomesticos/Electrodomesticos-de-Cocina/Hornos-Electricos-y-Microondas/Microondas-Whirlpool-de-11-con-potencia-grill-color-silver-acabado-espejo/p/655707
Costco,02-04-2024,"LG, horno de microondas 1.5', Smart inverter",,https://www.costco.com.mx/Electrodomesticos/Electrodomesticos-de-Cocina/Hornos-Electricos-y-Microondas/LG-horno-de-microondas-15-Smart-inverter/p/651857
Costco,02-04-2024,Samsung microondas 1.1' ,,https://www.costco.com.mx/Electrodomesticos/Electrodomesticos-de-Cocina/Hornos-Electricos-y-Microondas/Samsung-microondas-11/p/651939
Costco,02-04-2024,"Samsung, Microondas con grill de 1.4', color plata",,https://www.costco.com.mx/Electrodomesticos/Electrodomesticos-de-Cocina/Hornos-Electricos-y-Microondas/Samsung-Microondas-con-grill-de-14-color-plata/p/660655
Costco,02-04-2024,Smeg Tostador para 4 Rebanadas Varios Colores,,https://www.costco.com.mx/Electrodomesticos/Electrodomesticos-de-Cocina/Hornos-Electricos-y-Microondas/Smeg-Tostador-para-4-Rebanadas-Varios-Colores/p/VA509718
Costco,02-04-2024,"Ninja Foodi, Horno con Freidora de Aire 8 en 1 ",,https://www.costco.com.mx/Electrodomesticos/Electrodomesticos-de-Cocina/Hornos-Electricos-y-Microondas/Ninja-Foodi-Horno-con-Freidora-de-Aire-8-en-1/p/1385185
Costco,02-04-2024,Smeg Tostador Dos Rebanadas Varios Colores ,,https://www.costco.com.mx/Electrodomesticos/Electrodomesticos-de-Cocina/Hornos-Electricos-y-Microondas/Smeg-Tostador-Dos-Rebanadas-Varios-Colores/p/VA509693
Costco,02-04-2024,"Pizzarette Grill, Horno para Mini Pizzas, Westinghouse",,https://www.costco.com.mx/Electrodomesticos/Electrodomesticos-de-Cocina/Hornos-Electricos-y-Microondas/Pizzarette-Grill-Horno-para-Mini-Pizzas-Westinghouse/p/666553
Costco,02-04-2024,"Panasonic, horno de microondas  1.3' Inverter",,https://www.costco.com.mx/Electrodomesticos/Electrodomesticos-de-Cocina/Hornos-Electricos-y-Microondas/Panasonic-horno-de-microondas-13-Inverter/p/672424
Costco,02-04-2024,Panasonic horno de microondas 2.2´,,https://www.costco.com.mx/Electrodomesticos/Electrodomesticos-de-Cocina/Hornos-Electricos-y-Microondas/Panasonic-horno-de-microondas-22/p/527922
Costco,02-04-2024,Panasonic horno de microondas 1.3',,https://www.costco.com.mx/Electrodomesticos/Electrodomesticos-de-Cocina/Hornos-Electricos-y-Microondas/Panasonic-horno-de-microondas-13/p/640700
Costco,02-04-2024,"Chefman, Horno Digital + Freidora de Aire de 20L",,https://www.costco.com.mx/Electrodomesticos/Electrodomesticos-de-Cocina/Hornos-Electricos-y-Microondas/Chefman-Horno-Digital-Freidora-de-Aire-de-20L/p/672848
Costco,02-04-2024,Panasonic microondas .9' silver,,https://www.costco.com.mx/Electrodomesticos/Electrodomesticos-de-Cocina/Hornos-Electricos-y-Microondas/Panasonic-microondas-9-silver/p/652521
Costco,02-04-2024,Panasonic Horno de Microondas 1.6' Inverter,,https://www.costco.com.mx/Electrodomesticos/Electrodomesticos-de-Cocina/Hornos-Electricos-y-Microondas/Panasonic-Horno-de-Microondas-16-Inverter/p/661761
Costco,02-04-2024,"Hamilton Beach Professional, Horno Digital con Freidora de aire y Sensor de Temperatura",,https://www.costco.com.mx/Electrodomesticos/Electrodomesticos-de-Cocina/Hornos-Electricos-y-Microondas/Hamilton-Beach-Professional-Horno-Digital-con-Freidora-de-aire-y-Sensor-de-Temperatura/p/678803
Costco,02-04-2024,"Chefman, Horno Digital + Freidora de Aire de 20L Negro",,https://www.costco.com.mx/Electrodomesticos/Electrodomesticos-de-Cocina/Hornos-Electricos-y-Microondas/Chefman-Horno-Digital-Freidora-de-Aire-de-20L-Negro/p/682073
Costco,02-04-2024,,,
Costco,02-04-2024,"Carrier, Aire Acondicionado Portatil 12,000 btus 110V,  enfriamiento, 10 SEER",,https://www.costco.com.mx/Electrodomesticos/Climatizacion/Aires-Acondicionados/Carrier-Aire-Acondicionado-Portatil-12000-btus-110V-enfriamiento-10-SEER/p/676429
Costco,02-04-2024,"Carrier, Aire Acondicionado Minisplit Inverter con Wi-Fi, 36,000 btus 220V, enfriamiento y calefacción, 17 SEER",,https://www.costco.com.mx/Electrodomesticos/Climatizacion/Calentadores/Carrier-Aire-Acondicionado-Minisplit-Inverter-con-Wi-Fi-36000-btus-220V-enfriamiento-y-calefaccion-17-SEER/p/676432
Costco,02-04-2024,"Carrier Aire Acondicionado Minisplit, Solo Enfriamiento, 12,000 BTU, 220V, Gas R32, con Wi-Fi",,https://www.costco.com.mx/Electrodomesticos/Climatizacion/Aires-Acondicionados/Carrier-Aire-Acondicionado-Minisplit-Solo-Enfriamiento-12000-BTU-220V-Gas-R32-con-Wi-Fi/p/682212
Costco,02-04-2024,"Carrier, Aire Acondicionado Minisplit, Solo Enfriamiento, 24,000 BTU, 220V, Gas R32, con Wi-Fi",,https://www.costco.com.mx/Electrodomesticos/Climatizacion/Aires-Acondicionados/Carrier-Aire-Acondicionado-Minisplit-Solo-Enfriamiento-24000-BTU-220V-Gas-R32-con-Wi-Fi/p/682224
Costco,02-04-2024,"Carrier, Aire Acondicionado Minisplit, Enfriamiento y Calefacción, 12,000 BTU, 220V, Gas R32, con Wi-Fi",,https://www.costco.com.mx/Electrodomesticos/Climatizacion/Aires-Acondicionados/Carrier-Aire-Acondicionado-Minisplit-Enfriamiento-y-Calefaccion-12000-BTU-220V-Gas-R32-con-Wi-Fi/p/682312
Costco,02-04-2024,"Carrier, Aire Acondicionado Minisplit, Solo Enfriamiento, 12,000 BTU, 110V, Gas R32, con Wi-Fi",,https://www.costco.com.mx/Electrodomesticos/Climatizacion/Aires-Acondicionados/Carrier-Aire-Acondicionado-Minisplit-Solo-Enfriamiento-12000-BTU-110V-Gas-R32-con-Wi-Fi/p/683208
Costco,02-04-2024,"Carrier, Aire Acondicionado Minisplit, Enfriamiento y Calefacción, 12,000 BTU, 110V, Gas R32, con Wi-Fi",,https://www.costco.com.mx/Electrodomesticos/Climatizacion/Aires-Acondicionados/Carrier-Aire-Acondicionado-Minisplit-Enfriamiento-y-Calefaccion-12000-BTU-110V-Gas-R32-con-Wi-Fi/p/683209
Costco,02-04-2024,"LG Aire Acondicionado ArtCool Inverter, VR242HW, Frío y Calor, 220V, 2 Toneladas, 22,000 BTU/h, WiFi",,https://www.costco.com.mx/Electrodomesticos/Climatizacion/Calentadores/LG-Aire-Acondicionado-ArtCool-Inverter-VR242HW-Frio-y-Calor-220V-2-Toneladas-22000-BTUh-WiFi/p/677144
Costco,02-04-2024,"Carrier, Aire Acondicionado Minisplit, Solo Enfriamiento, 18,000 BTU, 220V, Gas R32, con Wi-Fi",,https://www.costco.com.mx/Electrodomesticos/Climatizacion/Aires-Acondicionados/Carrier-Aire-Acondicionado-Minisplit-Solo-Enfriamiento-18000-BTU-220V-Gas-R32-con-Wi-Fi/p/682218
Costco,02-04-2024,"Carrier, Aire Acondicionado Minisplit, Enfriamiento y Calefacción, 18,000 BTU, 220V, Gas R32, con Wi-Fi",,https://www.costco.com.mx/Electrodomesticos/Climatizacion/Aires-Acondicionados/Carrier-Aire-Acondicionado-Minisplit-Enfriamiento-y-Calefaccion-18000-BTU-220V-Gas-R32-con-Wi-Fi/p/682318
Costco,02-04-2024,"LG Aire Acondicionado ArtCool Inverter, VR122HD, Frío y Calor, 220V, 1 Tonelada, 12,000 BTU/h, WiFi",,https://www.costco.com.mx/Electrodomesticos/Climatizacion/Calentadores/LG-Aire-Acondicionado-ArtCool-Inverter-VR122HD-Frio-y-Calor-220V-1-Tonelada-12000-BTUh-WiFi/p/677140
Costco,02-04-2024,"Carrier, Aire Acondicionado, Minisplit Inverter con Wi-Fi, solo enfriamiento, 18,000 BTU, 19 SEER, 220V",,https://www.costco.com.mx/Electrodomesticos/Climatizacion/Aires-Acondicionados/Carrier-Aire-Acondicionado-Minisplit-Inverter-con-Wi-Fi-solo-enfriamiento-18000-BTU-19-SEER-220V/p/669602
Costco,02-04-2024,"De'Longhi, Calentador de Aceite Portátil, TRLS0715EL",,https://www.costco.com.mx/Electrodomesticos/Climatizacion/Calentadores/DeLonghi-Calentador-de-Aceite-Portatil-TRLS0715EL/p/674429
Costco,02-04-2024,"LG Aire Acondicionado ArtCool Inverter, VR182HW, Frío y Calor, 220V,  1.5 Toneladas, 18,000 BTU/h, WiFi",,https://www.costco.com.mx/Electrodomesticos/Climatizacion/Calentadores/LG-Aire-Acondicionado-ArtCool-Inverter-VR182HW-Frio-y-Calor-220V-15-Toneladas-18000-BTUh-WiFi/p/677142
Costco,02-04-2024,"Carrier, Aire Acondicionado Minisplit, Enfriamiento y Calefacción, 24,000 BTU, 220V, Gas R32, con Wi-Fi",,https://www.costco.com.mx/Electrodomesticos/Climatizacion/Aires-Acondicionados/Carrier-Aire-Acondicionado-Minisplit-Enfriamiento-y-Calefaccion-24000-BTU-220V-Gas-R32-con-Wi-Fi/p/682324
Costco,02-04-2024,"Carrier, Aire Acondicionado Ventana De 12,000 Bus a 110V, Sólo Frío",,https://www.costco.com.mx/Electrodomesticos/Climatizacion/Aires-Acondicionados/Carrier-Aire-Acondicionado-Ventana-De-12000-Bus-a-110V-Solo-Frio/p/680995
Costco,02-04-2024,"LG Aire Acondicionado ArtCool Inverter, VR122CW, Solo Frío, 220V, 1 Tonelada, 12,000 BTU/h, WiFi",,https://www.costco.com.mx/Electrodomesticos/Climatizacion/Aires-Acondicionados/LG-Aire-Acondicionado-ArtCool-Inverter-VR122CW-Solo-Frio-220V-1-Tonelada-12000-BTUh-WiFi/p/677139
Costco,02-04-2024,"LG Aire Acondicionado ArtCool Inverter, VR182CW, Solo Frío, 220V, 1.5 Toneladas, 18,000 BTU/h, Wifi",,https://www.costco.com.mx/Electrodomesticos/Climatizacion/Aires-Acondicionados/LG-Aire-Acondicionado-ArtCool-Inverter-VR182CW-Solo-Frio-220V-15-Toneladas-18000-BTUh-Wifi/p/677141
Costco,02-04-2024,"LG Aire Acondicionado ArtCool Inverter, VR242CW, Solo Frío, 220V, 2 Toneladas, 22,000 BTU/h, WiFi",,https://www.costco.com.mx/Electrodomesticos/Climatizacion/Aires-Acondicionados/LG-Aire-Acondicionado-ArtCool-Inverter-VR242CW-Solo-Frio-220V-2-Toneladas-22000-BTUh-WiFi/p/677143
Costco,02-04-2024,LG Refrigerador 27´Duplex Instaview Door in Door con Dispensador de agua,,https://www.costco.com.mx/Linea-Blanca-y-Cocina/Linea-Blanca/Refrigeradores-y-Congeladores/LG-Refrigerador-27Duplex-Instaview-Door-in-Door-con-Dispensador-de-agua/p/668539
Costco,02-04-2024,"LG Aire Acondicionado DualCool Inverter Tipo Ventana WiFi Solo Frío14,000 Btus VW151CE",,https://www.costco.com.mx/Electrodomesticos/Climatizacion/Aires-Acondicionados/LG-Aire-Acondicionado-DualCool-Inverter-Tipo-Ventana-WiFi-Solo-Frio14000-Btus-VW151CE/p/677150
Costco,02-04-2024,,,
Costco,02-04-2024,"Teka Refrigerador de 19' cuatro puertas dual cooling system, color acero inoxidable",,https://www.costco.com.mx/Linea-Blanca-y-Cocina/Linea-Blanca/Refrigeradores-y-Congeladores/Teka-Refrigerador-de-19-cuatro-puertas-dual-cooling-system-color-acero-inoxidable/p/521310
Costco,02-04-2024,LG Refrigerador 29' French Door Multi-Air Flow,,https://www.costco.com.mx/Linea-Blanca-y-Cocina/Linea-Blanca/Refrigeradores-y-Congeladores/LG-Refrigerador-29-French-Door-Multi-Air-Flow/p/675431
Costco,02-04-2024,Dace Refrigerador 7' ,,https://www.costco.com.mx/Linea-Blanca-y-Cocina/Linea-Blanca/Refrigeradores-y-Congeladores/Dace-Refrigerador-7/p/675388
Costco,02-04-2024,LG Refrigerador 25' French Door Door Cooling,,https://www.costco.com.mx/Linea-Blanca-y-Cocina/Linea-Blanca/Refrigeradores-y-Congeladores/LG-Refrigerador-25-French-Door-Door-Cooling/p/656465
Costco,02-04-2024,LG Refrigerador 20' Top Mount Multi-Air Flow,,https://www.costco.com.mx/Linea-Blanca-y-Cocina/Linea-Blanca/Refrigeradores-y-Congeladores/LG-Refrigerador-20-Top-Mount-Multi-Air-Flow/p/659548
Costco,02-04-2024,LG Refrigerador 22' French Door con Dispensador de agua,,https://www.costco.com.mx/Linea-Blanca-y-Cocina/Linea-Blanca/Refrigeradores-y-Congeladores/LG-Refrigerador-22-French-Door-con-Dispensador-de-agua/p/625824
Costco,02-04-2024,"Westinghouse, Bufetera Eléctrica",,https://www.costco.com.mx/Linea-Blanca-y-Cocina/Linea-Blanca/Hornos-y-Parrillas/Westinghouse-Bufetera-Electrica/p/684615
Costco,02-04-2024,Danby Congelador 10´,,https://www.costco.com.mx/Linea-Blanca-y-Cocina/Linea-Blanca/Refrigeradores-y-Congeladores/Danby-Congelador-10/p/791005
Costco,02-04-2024,Hisense Refrigerador 21'  cuatro puertas,,https://www.costco.com.mx/Linea-Blanca-y-Cocina/Linea-Blanca/Refrigeradores-y-Congeladores/Hisense-Refrigerador-21-cuatro-puertas/p/677230
Costco,02-04-2024,LG Refrigerador 30' Instaview Door-in-Door,,https://www.costco.com.mx/Linea-Blanca-y-Cocina/Linea-Blanca/Refrigeradores-y-Congeladores/LG-Refrigerador-30-Instaview-Door-in-Door/p/657755
Costco,02-04-2024,LG Refrigerador 28' French Door Door Cooling,,https://www.costco.com.mx/Linea-Blanca-y-Cocina/Linea-Blanca/Refrigeradores-y-Congeladores/LG-Refrigerador-28-French-Door-Door-Cooling/p/674427
Costco,02-04-2024,"LG Refrigerador 22' Duplex Door in Door, Door Cooling",,https://www.costco.com.mx/Linea-Blanca-y-Cocina/Linea-Blanca/Refrigeradores-y-Congeladores/LG-Refrigerador-22-Duplex-Door-in-Door-Door-Cooling/p/668446
Costco,02-04-2024,Samsung Refrigerador de 32´ French Door con Centro de Bebidas ,,https://www.costco.com.mx/Linea-Blanca-y-Cocina/Linea-Blanca/Refrigeradores-y-Congeladores/Samsung-Refrigerador-de-32-French-Door-con-Centro-de-Bebidas/p/681751
Costco,02-04-2024,Maytag Refrigerador 25' French Door,,https://www.costco.com.mx/Linea-Blanca-y-Cocina/Linea-Blanca/Refrigeradores-y-Congeladores/Maytag-Refrigerador-25-French-Door/p/649824
Costco,02-04-2024,"Westinghouse, Parrilla de Inducción",,https://www.costco.com.mx/Linea-Blanca-y-Cocina/Linea-Blanca/Hornos-y-Parrillas/Westinghouse-Parrilla-de-Induccion/p/684612
Costco,02-04-2024,Teka Horno a Gas Estático con Grill Eléctrico 60 Cm,,https://www.costco.com.mx/Linea-Blanca-y-Cocina/Linea-Blanca/Hornos-y-Parrillas/Teka-Horno-a-Gas-Estatico-con-Grill-Electrico-60-Cm/p/667548
Costco,02-04-2024,"Westinghouse, Parrilla de Inducción Doble",,https://www.costco.com.mx/Linea-Blanca-y-Cocina/Linea-Blanca/Hornos-y-Parrillas/Westinghouse-Parrilla-de-Induccion-Doble/p/684613
Costco,02-04-2024,Teka Parrilla de gas 5 quemadores,,https://www.costco.com.mx/Linea-Blanca-y-Cocina/Linea-Blanca/Hornos-y-Parrillas/Teka-Parrilla-de-gas-5-quemadores/p/668927
Costco,02-04-2024,Hisense Horno de convección 60cm HGO602BS,,https://www.costco.com.mx/Linea-Blanca-y-Cocina/Linea-Blanca/Hornos-y-Parrillas/Hisense-Horno-de-conveccion-60cm-HGO602BS/p/683952
Costco,02-04-2024,Smeg Parrilla eléctrica 80cm,,https://www.costco.com.mx/Linea-Blanca-y-Cocina/Linea-Blanca/Hornos-y-Parrillas/Smeg-Parrilla-electrica-80cm/p/659319
Costco,02-04-2024,LG Lavavajillas 60cm 15 servicios,,https://www.costco.com.mx/Linea-Blanca-y-Cocina/Linea-Blanca/Lavavajillas/LG-Lavavajillas-60cm-15-servicios/p/664483
Costco,02-04-2024,LG Refrigerador 27' Duplex con Dispensador de agua,,https://www.costco.com.mx/Linea-Blanca-y-Cocina/Linea-Blanca/Refrigeradores-y-Congeladores/LG-Refrigerador-27-Duplex-con-Dispensador-de-agua/p/671692
Costco,02-04-2024,Whirlpool Refrigerador 25' 7WRS25SDHM,,https://www.costco.com.mx/Linea-Blanca-y-Cocina/Linea-Blanca/Refrigeradores-y-Congeladores/Whirlpool-Refrigerador-25-7WRS25SDHM/p/678130
Costco,02-04-2024,Samsung Refrigerador 32´ French Door,,https://www.costco.com.mx/Linea-Blanca-y-Cocina/Linea-Blanca/Refrigeradores-y-Congeladores/Samsung-Refrigerador-32-French-Door/p/681343
Costco,02-04-2024,Whirlpool Congelador horizontal 7',,https://www.costco.com.mx/Linea-Blanca-y-Cocina/Linea-Blanca/Refrigeradores-y-Congeladores/Whirlpool-Congelador-horizontal-7/p/670471
Costco,02-04-2024,Whirlpool Congelador horizontal 11',,https://www.costco.com.mx/Linea-Blanca-y-Cocina/Linea-Blanca/Refrigeradores-y-Congeladores/Whirlpool-Congelador-horizontal-11/p/670473
Costco,02-04-2024,Teka Refrigerador 27´Side by Side,,https://www.costco.com.mx/Linea-Blanca-y-Cocina/Linea-Blanca/Refrigeradores-y-Congeladores/Teka-Refrigerador-27Side-by-Side/p/680478
Costco,02-04-2024,Smeg Horno eléctrico 60cm,,https://www.costco.com.mx/Linea-Blanca-y-Cocina/Linea-Blanca/Hornos-y-Parrillas/Smeg-Horno-electrico-60cm/p/656847
Costco,02-04-2024,"Westinghouse, Bundle 3 Sartenes Mármol y Parrilla de Inducción",,https://www.costco.com.mx/Linea-Blanca-y-Cocina/Linea-Blanca/Hornos-y-Parrillas/Westinghouse-Bundle-3-Sartenes-Marmol-y-Parrilla-de-Induccion/p/684614
Costco,02-04-2024,Parrilla Eléctrica Smeg De 90 cm,,https://www.costco.com.mx/Linea-Blanca-y-Cocina/Linea-Blanca/Hornos-y-Parrillas/Parrilla-Electrica-Smeg-De-90-cm/p/684610
Costco,02-04-2024,Teka Combo horno eléctrico/gas y parrilla ,,https://www.costco.com.mx/Linea-Blanca-y-Cocina/Linea-Blanca/Hornos-y-Parrillas/Teka-Combo-horno-electricogas-y-parrilla/p/658980
Costco,02-04-2024,Smeg Parrilla Teppan Yaki 30cm,,https://www.costco.com.mx/Linea-Blanca-y-Cocina/Linea-Blanca/Hornos-y-Parrillas/Smeg-Parrilla-Teppan-Yaki-30cm/p/659283
Costco,02-04-2024,Teka Horno eléctrico y a gas 80 cm,,https://www.costco.com.mx/Linea-Blanca-y-Cocina/Linea-Blanca/Hornos-y-Parrillas/Teka-Horno-electrico-y-a-gas-80-cm/p/665115
Costco,02-04-2024,Teka Lavavajillas 60cm 13 servicios,,https://www.costco.com.mx/Linea-Blanca-y-Cocina/Linea-Blanca/Lavavajillas/Teka-Lavavajillas-60cm-13-servicios/p/681577
Costco,02-04-2024,Lavavajillas Smeg 60 cm Acero,,https://www.costco.com.mx/Linea-Blanca-y-Cocina/Linea-Blanca/Lavavajillas/Lavavajillas-Smeg-60-cm-Acero/p/684611
Costco,02-04-2024,Maytag Lavavajillas empotrable 14 servicios,,https://www.costco.com.mx/Linea-Blanca-y-Cocina/Linea-Blanca/Lavavajillas/Maytag-Lavavajillas-empotrable-14-servicios/p/677214
Costco,02-04-2024,KitchenAid Lavavajillas 60cm empotrable 13 servicios,,https://www.costco.com.mx/Linea-Blanca-y-Cocina/Linea-Blanca/Lavavajillas/KitchenAid-Lavavajillas-60cm-empotrable-13-servicios/p/663155
Costco,02-04-2024,LG Lavavajillas 14 Servicios LFDFD4441 Libre de empotre,,https://www.costco.com.mx/Linea-Blanca-y-Cocina/Linea-Blanca/Lavavajillas/LG-Lavavajillas-14-Servicios-LFDFD4441-Libre-de-empotre/p/683950
Costco,02-04-2024,Smeg Lavavajillas 13 Servicios 60 cm Acero,,https://www.costco.com.mx/Linea-Blanca-y-Cocina/Linea-Blanca/Lavavajillas/Smeg-Lavavajillas-13-Servicios-60-cm-Acero/p/684847
Costco,02-04-2024,Samsung Refrigerador 31' French Door,,https://www.costco.com.mx/Linea-Blanca-y-Cocina/Linea-Blanca/Refrigeradores-y-Congeladores/Samsung-Refrigerador-31-French-Door/p/681344
Costco,02-04-2024,Samsung Refrigerador 31' French Door Family Hub,,https://www.costco.com.mx/Linea-Blanca-y-Cocina/Linea-Blanca/Refrigeradores-y-Congeladores/Samsung-Refrigerador-31-French-Door-Family-Hub/p/681746
Costco,02-04-2024,Whirlpool Refrigerador 21' French Door,,https://www.costco.com.mx/Linea-Blanca-y-Cocina/Linea-Blanca/Refrigeradores-y-Congeladores/Whirlpool-Refrigerador-21-French-Door/p/677228
Costco,02-04-2024,Whirlpool Refrigerador 25' Side by Side,,https://www.costco.com.mx/Linea-Blanca-y-Cocina/Linea-Blanca/Refrigeradores-y-Congeladores/Whirlpool-Refrigerador-25-Side-by-Side/p/674600
Costco,02-04-2024,Smeg Horno eléctrico 90cm,,https://www.costco.com.mx/Linea-Blanca-y-Cocina/Linea-Blanca/Hornos-y-Parrillas/Smeg-Horno-electrico-90cm/p/509786
Costco,02-04-2024,Smeg Horno de gas 60cm,,https://www.costco.com.mx/Linea-Blanca-y-Cocina/Linea-Blanca/Hornos-y-Parrillas/Smeg-Horno-de-gas-60cm/p/656841
Costco,02-04-2024,Smeg Parrilla barbacoa eléctrica 30cm,,https://www.costco.com.mx/Linea-Blanca-y-Cocina/Linea-Blanca/Hornos-y-Parrillas/Smeg-Parrilla-barbacoa-electrica-30cm/p/656851
Costco,02-04-2024,"Horno de convección computarizado San-Son, acero inoxidable ",,https://www.costco.com.mx/Linea-Blanca-y-Cocina/Linea-Blanca/Hornos-y-Parrillas/Horno-de-conveccion-computarizado-San-Son-acero-inoxidable/p/658634
Costco,02-04-2024,"Parrilla profesional San-Son con 2 quemadores, acero inoxidable ",,https://www.costco.com.mx/Linea-Blanca-y-Cocina/Linea-Blanca/Hornos-y-Parrillas/Parrilla-profesional-San-Son-con-2-quemadores-acero-inoxidable/p/658641
Costco,02-04-2024,,,
Costco,02-04-2024,"Asador profesional San-Son de 12' con 1 quemador, acero inoxidable ",,https://www.costco.com.mx/Linea-Blanca-y-Cocina/Linea-Blanca/Hornos-y-Parrillas/Asador-profesional-San-Son-de-12-con-1-quemador-acero-inoxidable/p/658659
Costco,02-04-2024,Smeg Parrilla eléctrica 30cm,,https://www.costco.com.mx/Linea-Blanca-y-Cocina/Linea-Blanca/Hornos-y-Parrillas/Smeg-Parrilla-electrica-30cm/p/671494
Costco,02-04-2024,Smeg Horno eléctrico 75cm,,https://www.costco.com.mx/Linea-Blanca-y-Cocina/Linea-Blanca/Hornos-y-Parrillas/Smeg-Horno-electrico-75cm/p/671498
Costco,02-04-2024,Teka Parrilla de gas 5 quemadores 68cm + campana empotrable 80cm,,https://www.costco.com.mx/Linea-Blanca-y-Cocina/Linea-Blanca/Hornos-y-Parrillas/Teka-Parrilla-de-gas-5-quemadores-68cm-campana-empotrable-80cm/p/620277
Costco,02-04-2024,Whirlpool Parrilla de gas 5 quemadores 86cm,,https://www.costco.com.mx/Linea-Blanca-y-Cocina/Linea-Blanca/Hornos-y-Parrillas/Whirlpool-Parrilla-de-gas-5-quemadores-86cm/p/524201
Costco,02-04-2024,KitchenAid Horno 30´ ,,https://www.costco.com.mx/Linea-Blanca-y-Cocina/Linea-Blanca/Hornos-y-Parrillas/KitchenAid-Horno-30/p/640391
Costco,02-04-2024,Maytag Lavadora 25 KG,,https://www.costco.com.mx/Linea-Blanca-y-Cocina/Linea-Blanca/Lavadoras-y-Secadoras/Maytag-Lavadora-25-KG/p/682698
Costco,02-04-2024,Whirlpool centro de lavado 20kg / 10Kg de gas ,,https://www.costco.com.mx/Linea-Blanca-y-Cocina/Linea-Blanca/Lavadoras-y-Secadoras/Whirlpool-centro-de-lavado-20kg-10Kg-de-gas/p/652706
Costco,02-04-2024,LG Lavasecadora 22Kg / 13Kg con pedestal,,https://www.costco.com.mx/Linea-Blanca-y-Cocina/Linea-Blanca/Lavadoras-y-Secadoras/LG-Lavasecadora-22Kg-13Kg-con-pedestal/p/674138
Costco,02-04-2024,Whirlpool Lavadora 24Kg,,https://www.costco.com.mx/Linea-Blanca-y-Cocina/Linea-Blanca/Lavadoras-y-Secadoras/Whirlpool-Lavadora-24Kg/p/682441
Costco,02-04-2024,LG Lavasecadora 22Kg / 13Kg con pedestal,,https://www.costco.com.mx/Linea-Blanca-y-Cocina/Linea-Blanca/Lavadoras-y-Secadoras/LG-Lavasecadora-22Kg-13Kg-con-pedestal/p/674919
Costco,02-04-2024,LG Torre de lavado eléctrica WashTower™ gris 22Kg / 22Kg,,https://www.costco.com.mx/Linea-Blanca-y-Cocina/Linea-Blanca/Lavadoras-y-Secadoras/LG-Torre-de-lavado-electrica-WashTower-gris-22Kg-22Kg/p/681794
Costco,02-04-2024,Maytag Lavadora 22Kg con Pedestal,,https://www.costco.com.mx/Linea-Blanca-y-Cocina/Linea-Blanca/Lavadoras-y-Secadoras/Maytag-Lavadora-22Kg-con-Pedestal/p/660426
Costco,02-04-2024,LG Lavasecadora 16Kg / 8Kg,,https://www.costco.com.mx/Linea-Blanca-y-Cocina/Linea-Blanca/Lavadoras-y-Secadoras/LG-Lavasecadora-16Kg-8Kg/p/662455
Costco,02-04-2024,LG Lavasecadora 22kg / 13Kg + twin wash mini 3.5Kg,,https://www.costco.com.mx/Linea-Blanca-y-Cocina/Linea-Blanca/Lavadoras-y-Secadoras/LG-Lavasecadora-22kg-13Kg-twin-wash-mini-35Kg/p/674473
Costco,02-04-2024,Whirlpool Centro de lavado 20Kg / 10Kg eléctrico,,https://www.costco.com.mx/Linea-Blanca-y-Cocina/Linea-Blanca/Lavadoras-y-Secadoras/Whirlpool-Centro-de-lavado-20Kg-10Kg-electrico/p/652707
Costco,02-04-2024,Maytag Secadora de gas 19Kg,,https://www.costco.com.mx/Linea-Blanca-y-Cocina/Linea-Blanca/Lavadoras-y-Secadoras/Maytag-Secadora-de-gas-19Kg/p/522129
Costco,02-04-2024,Maytag Secadora de gas 28Kg Carga Superior ,,https://www.costco.com.mx/Linea-Blanca-y-Cocina/Linea-Blanca/Lavadoras-y-Secadoras/Maytag-Secadora-de-gas-28Kg-Carga-Superior/p/668322
Costco,02-04-2024,LG Torre de lavado de gas WashTower™ gris 22Kg / 22Kg,,https://www.costco.com.mx/Linea-Blanca-y-Cocina/Linea-Blanca/Lavadoras-y-Secadoras/LG-Torre-de-lavado-de-gas-WashTower-gris-22Kg-22Kg/p/668513
Costco,02-04-2024,Samsung Lavadora 22Kg,,https://www.costco.com.mx/Linea-Blanca-y-Cocina/Linea-Blanca/Lavadoras-y-Secadoras/Samsung-Lavadora-22Kg/p/676247
Costco,02-04-2024,LG Secadora de gas 25 Kg,,https://www.costco.com.mx/Linea-Blanca-y-Cocina/Linea-Blanca/Lavadoras-y-Secadoras/LG-Secadora-de-gas-25-Kg/p/669995
Costco,02-04-2024,Maytag Secadora 26 KG,,https://www.costco.com.mx/Linea-Blanca-y-Cocina/Linea-Blanca/Lavadoras-y-Secadoras/Maytag-Secadora-26-KG/p/682702
Costco,02-04-2024,GE Centro de lavado 20Kg / 20Kg de gas,,https://www.costco.com.mx/Linea-Blanca-y-Cocina/Linea-Blanca/Lavadoras-y-Secadoras/GE-Centro-de-lavado-20Kg-20Kg-de-gas/p/663465
Costco,02-04-2024,Maytag Lavadora 20Kg,,https://www.costco.com.mx/Linea-Blanca-y-Cocina/Linea-Blanca/Lavadoras-y-Secadoras/Maytag-Lavadora-20Kg/p/593501
Costco,02-04-2024,LG Lavadora 22Kg con pedestal carga frontal,,https://www.costco.com.mx/Linea-Blanca-y-Cocina/Linea-Blanca/Lavadoras-y-Secadoras/LG-Lavadora-22Kg-con-pedestal-carga-frontal/p/673524
Costco,02-04-2024,Maytag Secadora de gas 22Kg con Pedestal,,https://www.costco.com.mx/Linea-Blanca-y-Cocina/Linea-Blanca/Lavadoras-y-Secadoras/Maytag-Secadora-de-gas-22Kg-con-Pedestal/p/660422
Costco,02-04-2024,Whirlpool Lavadora 20Kg top load,,https://www.costco.com.mx/Linea-Blanca-y-Cocina/Linea-Blanca/Lavadoras-y-Secadoras/Whirlpool-Lavadora-20Kg-top-load/p/662833
Costco,02-04-2024,Samsung Lavasecadora 12.5 Kg / 7 Kg,,https://www.costco.com.mx/Linea-Blanca-y-Cocina/Linea-Blanca/Lavadoras-y-Secadoras/Samsung-Lavasecadora-125-Kg-7-Kg/p/670277
Costco,02-04-2024,Whirlpool Lavadora carga superior 27Kg,,https://www.costco.com.mx/Linea-Blanca-y-Cocina/Linea-Blanca/Lavadoras-y-Secadoras/Whirlpool-Lavadora-carga-superior-27Kg/p/674604
Costco,02-04-2024,Samsung Lavasecadora 22Kg / 13Kg con pedestal,,https://www.costco.com.mx/Linea-Blanca-y-Cocina/Linea-Blanca/Lavadoras-y-Secadoras/Samsung-Lavasecadora-22Kg-13Kg-con-pedestal/p/665578
Costco,02-04-2024,"Ninja Foodi, Horno con Freidora de Aire 10 en 1 XL",,https://www.costco.com.mx/Electrodomesticos/Electrodomesticos-de-Cocina/Hornos-Electricos-y-Microondas/Ninja-Foodi-Horno-con-Freidora-de-Aire-10-en-1-XL/p/1532177
Costco,02-04-2024,"Gourmia, Horno y Freidora de Aire Digital , 14 en 1",,https://www.costco.com.mx/Electrodomesticos/Electrodomesticos-de-Cocina/Hornos-Electricos-y-Microondas/Gourmia-Horno-y-Freidora-de-Aire-Digital-14-en-1/p/681900
Costco,02-04-2024,"Sur La Table Freidora de Aire con Rosticero , 12.3 litros",,https://www.costco.com.mx/Electrodomesticos/Electrodomesticos-de-Cocina/Hornos-Electricos-y-Microondas/Sur-La-Table-Freidora-de-Aire-con-Rosticero-123-litros/p/3443715
Costco,02-04-2024,Sur La Table Horno de Microondas 1.2' Inverter,,https://www.costco.com.mx/Electrodomesticos/Electrodomesticos-de-Cocina/Hornos-Electricos-y-Microondas/Sur-La-Table-Horno-de-Microondas-12-Inverter/p/675196
Costco,02-04-2024,Samsung horno de microondas 1.4' con grill,,https://www.costco.com.mx/Electrodomesticos/Electrodomesticos-de-Cocina/Hornos-Electricos-y-Microondas/Samsung-horno-de-microondas-14-con-grill/p/627826
Costco,02-04-2024,Samsung horno de microondas + grill 1.0',,https://www.costco.com.mx/Electrodomesticos/Electrodomesticos-de-Cocina/Hornos-Electricos-y-Microondas/Samsung-horno-de-microondas-grill-10/p/508053
Costco,02-04-2024,Cuisinart Tostador de Acero para 2 Rebanadas,,https://www.costco.com.mx/Electrodomesticos/Electrodomesticos-de-Cocina/Hornos-Electricos-y-Microondas/Cuisinart-Tostador-de-Acero-para-2-Rebanadas/p/6640772
Costco,02-04-2024,"Microondas Whirlpool de 1.1' con potencia grill, color silver acabado espejo ",,https://www.costco.com.mx/Electrodomesticos/Electrodomesticos-de-Cocina/Hornos-Electricos-y-Microondas/Microondas-Whirlpool-de-11-con-potencia-grill-color-silver-acabado-espejo/p/655707
Costco,02-04-2024,"LG, horno de microondas 1.5', Smart inverter",,https://www.costco.com.mx/Electrodomesticos/Electrodomesticos-de-Cocina/Hornos-Electricos-y-Microondas/LG-horno-de-microondas-15-Smart-inverter/p/651857
Costco,02-04-2024,Samsung microondas 1.1' ,,https://www.costco.com.mx/Electrodomesticos/Electrodomesticos-de-Cocina/Hornos-Electricos-y-Microondas/Samsung-microondas-11/p/651939
Costco,02-04-2024,"Samsung, Microondas con grill de 1.4', color plata",,https://www.costco.com.mx/Electrodomesticos/Electrodomesticos-de-Cocina/Hornos-Electricos-y-Microondas/Samsung-Microondas-con-grill-de-14-color-plata/p/660655
Costco,02-04-2024,Smeg Tostador para 4 Rebanadas Varios Colores,,https://www.costco.com.mx/Electrodomesticos/Electrodomesticos-de-Cocina/Hornos-Electricos-y-Microondas/Smeg-Tostador-para-4-Rebanadas-Varios-Colores/p/VA509718
Costco,02-04-2024,"Ninja Foodi, Horno con Freidora de Aire 8 en 1 ",,https://www.costco.com.mx/Electrodomesticos/Electrodomesticos-de-Cocina/Hornos-Electricos-y-Microondas/Ninja-Foodi-Horno-con-Freidora-de-Aire-8-en-1/p/1385185
Costco,02-04-2024,Smeg Tostador Dos Rebanadas Varios Colores ,,https://www.costco.com.mx/Electrodomesticos/Electrodomesticos-de-Cocina/Hornos-Electricos-y-Microondas/Smeg-Tostador-Dos-Rebanadas-Varios-Colores/p/VA509693
Costco,02-04-2024,"Pizzarette Grill, Horno para Mini Pizzas, Westinghouse",,https://www.costco.com.mx/Electrodomesticos/Electrodomesticos-de-Cocina/Hornos-Electricos-y-Microondas/Pizzarette-Grill-Horno-para-Mini-Pizzas-Westinghouse/p/666553
Costco,02-04-2024,"Panasonic, horno de microondas  1.3' Inverter",,https://www.costco.com.mx/Electrodomesticos/Electrodomesticos-de-Cocina/Hornos-Electricos-y-Microondas/Panasonic-horno-de-microondas-13-Inverter/p/672424
Costco,02-04-2024,Panasonic horno de microondas 2.2´,,https://www.costco.com.mx/Electrodomesticos/Electrodomesticos-de-Cocina/Hornos-Electricos-y-Microondas/Panasonic-horno-de-microondas-22/p/527922
Costco,02-04-2024,Panasonic horno de microondas 1.3',,https://www.costco.com.mx/Electrodomesticos/Electrodomesticos-de-Cocina/Hornos-Electricos-y-Microondas/Panasonic-horno-de-microondas-13/p/640700
Costco,02-04-2024,"Chefman, Horno Digital + Freidora de Aire de 20L",,https://www.costco.com.mx/Electrodomesticos/Electrodomesticos-de-Cocina/Hornos-Electricos-y-Microondas/Chefman-Horno-Digital-Freidora-de-Aire-de-20L/p/672848
Costco,02-04-2024,Panasonic microondas .9' silver,,https://www.costco.com.mx/Electrodomesticos/Electrodomesticos-de-Cocina/Hornos-Electricos-y-Microondas/Panasonic-microondas-9-silver/p/652521
Costco,02-04-2024,Panasonic Horno de Microondas 1.6' Inverter,,https://www.costco.com.mx/Electrodomesticos/Electrodomesticos-de-Cocina/Hornos-Electricos-y-Microondas/Panasonic-Horno-de-Microondas-16-Inverter/p/661761
Costco,02-04-2024,"Hamilton Beach Professional, Horno Digital con Freidora de aire y Sensor de Temperatura",,https://www.costco.com.mx/Electrodomesticos/Electrodomesticos-de-Cocina/Hornos-Electricos-y-Microondas/Hamilton-Beach-Professional-Horno-Digital-con-Freidora-de-aire-y-Sensor-de-Temperatura/p/678803
Costco,02-04-2024,"Chefman, Horno Digital + Freidora de Aire de 20L Negro",,https://www.costco.com.mx/Electrodomesticos/Electrodomesticos-de-Cocina/Hornos-Electricos-y-Microondas/Chefman-Horno-Digital-Freidora-de-Aire-de-20L-Negro/p/682073
Costco,02-04-2024,,,
Costco,02-04-2024,"Carrier, Aire Acondicionado Portatil 12,000 btus 110V,  enfriamiento, 10 SEER",,https://www.costco.com.mx/Electrodomesticos/Climatizacion/Aires-Acondicionados/Carrier-Aire-Acondicionado-Portatil-12000-btus-110V-enfriamiento-10-SEER/p/676429
Costco,02-04-2024,"Carrier, Aire Acondicionado Minisplit Inverter con Wi-Fi, 36,000 btus 220V, enfriamiento y calefacción, 17 SEER",,https://www.costco.com.mx/Electrodomesticos/Climatizacion/Calentadores/Carrier-Aire-Acondicionado-Minisplit-Inverter-con-Wi-Fi-36000-btus-220V-enfriamiento-y-calefaccion-17-SEER/p/676432
Costco,02-04-2024,"Carrier Aire Acondicionado Minisplit, Solo Enfriamiento, 12,000 BTU, 220V, Gas R32, con Wi-Fi",,https://www.costco.com.mx/Electrodomesticos/Climatizacion/Aires-Acondicionados/Carrier-Aire-Acondicionado-Minisplit-Solo-Enfriamiento-12000-BTU-220V-Gas-R32-con-Wi-Fi/p/682212
Costco,02-04-2024,"Carrier, Aire Acondicionado Minisplit, Solo Enfriamiento, 24,000 BTU, 220V, Gas R32, con Wi-Fi",,https://www.costco.com.mx/Electrodomesticos/Climatizacion/Aires-Acondicionados/Carrier-Aire-Acondicionado-Minisplit-Solo-Enfriamiento-24000-BTU-220V-Gas-R32-con-Wi-Fi/p/682224
Costco,02-04-2024,"Carrier, Aire Acondicionado Minisplit, Enfriamiento y Calefacción, 12,000 BTU, 220V, Gas R32, con Wi-Fi",,https://www.costco.com.mx/Electrodomesticos/Climatizacion/Aires-Acondicionados/Carrier-Aire-Acondicionado-Minisplit-Enfriamiento-y-Calefaccion-12000-BTU-220V-Gas-R32-con-Wi-Fi/p/682312
Costco,02-04-2024,"Carrier, Aire Acondicionado Minisplit, Solo Enfriamiento, 12,000 BTU, 110V, Gas R32, con Wi-Fi",,https://www.costco.com.mx/Electrodomesticos/Climatizacion/Aires-Acondicionados/Carrier-Aire-Acondicionado-Minisplit-Solo-Enfriamiento-12000-BTU-110V-Gas-R32-con-Wi-Fi/p/683208
Costco,02-04-2024,"Carrier, Aire Acondicionado Minisplit, Enfriamiento y Calefacción, 12,000 BTU, 110V, Gas R32, con Wi-Fi",,https://www.costco.com.mx/Electrodomesticos/Climatizacion/Aires-Acondicionados/Carrier-Aire-Acondicionado-Minisplit-Enfriamiento-y-Calefaccion-12000-BTU-110V-Gas-R32-con-Wi-Fi/p/683209
Costco,02-04-2024,"LG Aire Acondicionado ArtCool Inverter, VR242HW, Frío y Calor, 220V, 2 Toneladas, 22,000 BTU/h, WiFi",,https://www.costco.com.mx/Electrodomesticos/Climatizacion/Calentadores/LG-Aire-Acondicionado-ArtCool-Inverter-VR242HW-Frio-y-Calor-220V-2-Toneladas-22000-BTUh-WiFi/p/677144
Costco,02-04-2024,"Carrier, Aire Acondicionado Minisplit, Solo Enfriamiento, 18,000 BTU, 220V, Gas R32, con Wi-Fi",,https://www.costco.com.mx/Electrodomesticos/Climatizacion/Aires-Acondicionados/Carrier-Aire-Acondicionado-Minisplit-Solo-Enfriamiento-18000-BTU-220V-Gas-R32-con-Wi-Fi/p/682218
Costco,02-04-2024,"Carrier, Aire Acondicionado Minisplit, Enfriamiento y Calefacción, 18,000 BTU, 220V, Gas R32, con Wi-Fi",,https://www.costco.com.mx/Electrodomesticos/Climatizacion/Aires-Acondicionados/Carrier-Aire-Acondicionado-Minisplit-Enfriamiento-y-Calefaccion-18000-BTU-220V-Gas-R32-con-Wi-Fi/p/682318
Costco,02-04-2024,"LG Aire Acondicionado ArtCool Inverter, VR122HD, Frío y Calor, 220V, 1 Tonelada, 12,000 BTU/h, WiFi",,https://www.costco.com.mx/Electrodomesticos/Climatizacion/Calentadores/LG-Aire-Acondicionado-ArtCool-Inverter-VR122HD-Frio-y-Calor-220V-1-Tonelada-12000-BTUh-WiFi/p/677140
Costco,02-04-2024,"Carrier, Aire Acondicionado, Minisplit Inverter con Wi-Fi, solo enfriamiento, 18,000 BTU, 19 SEER, 220V",,https://www.costco.com.mx/Electrodomesticos/Climatizacion/Aires-Acondicionados/Carrier-Aire-Acondicionado-Minisplit-Inverter-con-Wi-Fi-solo-enfriamiento-18000-BTU-19-SEER-220V/p/669602
Costco,02-04-2024,"De'Longhi, Calentador de Aceite Portátil, TRLS0715EL",,https://www.costco.com.mx/Electrodomesticos/Climatizacion/Calentadores/DeLonghi-Calentador-de-Aceite-Portatil-TRLS0715EL/p/674429
Costco,02-04-2024,"LG Aire Acondicionado ArtCool Inverter, VR182HW, Frío y Calor, 220V,  1.5 Toneladas, 18,000 BTU/h, WiFi",,https://www.costco.com.mx/Electrodomesticos/Climatizacion/Calentadores/LG-Aire-Acondicionado-ArtCool-Inverter-VR182HW-Frio-y-Calor-220V-15-Toneladas-18000-BTUh-WiFi/p/677142
Costco,02-04-2024,"Carrier, Aire Acondicionado Minisplit, Enfriamiento y Calefacción, 24,000 BTU, 220V, Gas R32, con Wi-Fi",,https://www.costco.com.mx/Electrodomesticos/Climatizacion/Aires-Acondicionados/Carrier-Aire-Acondicionado-Minisplit-Enfriamiento-y-Calefaccion-24000-BTU-220V-Gas-R32-con-Wi-Fi/p/682324
Costco,02-04-2024,"Carrier, Aire Acondicionado Ventana De 12,000 Bus a 110V, Sólo Frío",,https://www.costco.com.mx/Electrodomesticos/Climatizacion/Aires-Acondicionados/Carrier-Aire-Acondicionado-Ventana-De-12000-Bus-a-110V-Solo-Frio/p/680995
Costco,02-04-2024,"LG Aire Acondicionado ArtCool Inverter, VR122CW, Solo Frío, 220V, 1 Tonelada, 12,000 BTU/h, WiFi",,https://www.costco.com.mx/Electrodomesticos/Climatizacion/Aires-Acondicionados/LG-Aire-Acondicionado-ArtCool-Inverter-VR122CW-Solo-Frio-220V-1-Tonelada-12000-BTUh-WiFi/p/677139
Costco,02-04-2024,"LG Aire Acondicionado ArtCool Inverter, VR182CW, Solo Frío, 220V, 1.5 Toneladas, 18,000 BTU/h, Wifi",,https://www.costco.com.mx/Electrodomesticos/Climatizacion/Aires-Acondicionados/LG-Aire-Acondicionado-ArtCool-Inverter-VR182CW-Solo-Frio-220V-15-Toneladas-18000-BTUh-Wifi/p/677141
Costco,02-04-2024,LG Lavavajillas 60cm 15 servicios,,https://www.costco.com.mx/Linea-Blanca-y-Cocina/Linea-Blanca/Lavavajillas/LG-Lavavajillas-60cm-15-servicios/p/664483
Costco,02-04-2024,"LG Aire Acondicionado ArtCool Inverter, VR242CW, Solo Frío, 220V, 2 Toneladas, 22,000 BTU/h, WiFi",,https://www.costco.com.mx/Electrodomesticos/Climatizacion/Aires-Acondicionados/LG-Aire-Acondicionado-ArtCool-Inverter-VR242CW-Solo-Frio-220V-2-Toneladas-22000-BTUh-WiFi/p/677143
Costco,02-04-2024,"LG Aire Acondicionado DualCool Inverter Tipo Ventana WiFi Solo Frío14,000 Btus VW151CE",,https://www.costco.com.mx/Electrodomesticos/Climatizacion/Aires-Acondicionados/LG-Aire-Acondicionado-DualCool-Inverter-Tipo-Ventana-WiFi-Solo-Frio14000-Btus-VW151CE/p/677150
Costco,02-04-2024,,,
Costco,02-04-2024,Teka Lavavajillas 60cm 13 servicios,,https://www.costco.com.mx/Linea-Blanca-y-Cocina/Linea-Blanca/Lavavajillas/Teka-Lavavajillas-60cm-13-servicios/p/681577
Costco,02-04-2024,Lavavajillas Smeg 60 cm Acero,,https://www.costco.com.mx/Linea-Blanca-y-Cocina/Linea-Blanca/Lavavajillas/Lavavajillas-Smeg-60-cm-Acero/p/684611
Costco,02-04-2024,Maytag Lavavajillas empotrable 14 servicios,,https://www.costco.com.mx/Linea-Blanca-y-Cocina/Linea-Blanca/Lavavajillas/Maytag-Lavavajillas-empotrable-14-servicios/p/677214
Costco,02-04-2024,KitchenAid Lavavajillas 60cm empotrable 13 servicios,,https://www.costco.com.mx/Linea-Blanca-y-Cocina/Linea-Blanca/Lavavajillas/KitchenAid-Lavavajillas-60cm-empotrable-13-servicios/p/663155
Costco,02-04-2024,LG Lavavajillas 14 Servicios LFDFD4441 Libre de empotre,,https://www.costco.com.mx/Linea-Blanca-y-Cocina/Linea-Blanca/Lavavajillas/LG-Lavavajillas-14-Servicios-LFDFD4441-Libre-de-empotre/p/683950
Costco,02-04-2024,Smeg Lavavajillas 13 Servicios 60 cm Acero,,https://www.costco.com.mx/Linea-Blanca-y-Cocina/Linea-Blanca/Lavavajillas/Smeg-Lavavajillas-13-Servicios-60-cm-Acero/p/684847
Costco,02-04-2024,,,
Costco,02-04-2024,"Westinghouse, Bufetera Eléctrica",,https://www.costco.com.mx/Linea-Blanca-y-Cocina/Linea-Blanca/Hornos-y-Parrillas/Westinghouse-Bufetera-Electrica/p/684615
Costco,02-04-2024,"Westinghouse, Parrilla de Inducción",,https://www.costco.com.mx/Linea-Blanca-y-Cocina/Linea-Blanca/Hornos-y-Parrillas/Westinghouse-Parrilla-de-Induccion/p/684612
Costco,02-04-2024,Teka Horno a Gas Estático con Grill Eléctrico 60 Cm,,https://www.costco.com.mx/Linea-Blanca-y-Cocina/Linea-Blanca/Hornos-y-Parrillas/Teka-Horno-a-Gas-Estatico-con-Grill-Electrico-60-Cm/p/667548
Costco,02-04-2024,"Westinghouse, Parrilla de Inducción Doble",,https://www.costco.com.mx/Linea-Blanca-y-Cocina/Linea-Blanca/Hornos-y-Parrillas/Westinghouse-Parrilla-de-Induccion-Doble/p/684613
Costco,02-04-2024,Teka Parrilla de gas 5 quemadores,,https://www.costco.com.mx/Linea-Blanca-y-Cocina/Linea-Blanca/Hornos-y-Parrillas/Teka-Parrilla-de-gas-5-quemadores/p/668927
Costco,02-04-2024,Hisense Horno de convección 60cm HGO602BS,,https://www.costco.com.mx/Linea-Blanca-y-Cocina/Linea-Blanca/Hornos-y-Parrillas/Hisense-Horno-de-conveccion-60cm-HGO602BS/p/683952
Costco,02-04-2024,Smeg Parrilla eléctrica 80cm,,https://www.costco.com.mx/Linea-Blanca-y-Cocina/Linea-Blanca/Hornos-y-Parrillas/Smeg-Parrilla-electrica-80cm/p/659319
Costco,02-04-2024,Smeg Horno eléctrico 60cm,,https://www.costco.com.mx/Linea-Blanca-y-Cocina/Linea-Blanca/Hornos-y-Parrillas/Smeg-Horno-electrico-60cm/p/656847
Costco,02-04-2024,"Westinghouse, Bundle 3 Sartenes Mármol y Parrilla de Inducción",,https://www.costco.com.mx/Linea-Blanca-y-Cocina/Linea-Blanca/Hornos-y-Parrillas/Westinghouse-Bundle-3-Sartenes-Marmol-y-Parrilla-de-Induccion/p/684614
Costco,02-04-2024,Parrilla Eléctrica Smeg De 90 cm,,https://www.costco.com.mx/Linea-Blanca-y-Cocina/Linea-Blanca/Hornos-y-Parrillas/Parrilla-Electrica-Smeg-De-90-cm/p/684610
Costco,02-04-2024,Teka Combo horno eléctrico/gas y parrilla ,,https://www.costco.com.mx/Linea-Blanca-y-Cocina/Linea-Blanca/Hornos-y-Parrillas/Teka-Combo-horno-electricogas-y-parrilla/p/658980
Costco,02-04-2024,Smeg Parrilla Teppan Yaki 30cm,,https://www.costco.com.mx/Linea-Blanca-y-Cocina/Linea-Blanca/Hornos-y-Parrillas/Smeg-Parrilla-Teppan-Yaki-30cm/p/659283
Costco,02-04-2024,Teka Horno eléctrico y a gas 80 cm,,https://www.costco.com.mx/Linea-Blanca-y-Cocina/Linea-Blanca/Hornos-y-Parrillas/Teka-Horno-electrico-y-a-gas-80-cm/p/665115
Costco,02-04-2024,Smeg Horno eléctrico 90cm,,https://www.costco.com.mx/Linea-Blanca-y-Cocina/Linea-Blanca/Hornos-y-Parrillas/Smeg-Horno-electrico-90cm/p/509786
Costco,02-04-2024,Smeg Horno de gas 60cm,,https://www.costco.com.mx/Linea-Blanca-y-Cocina/Linea-Blanca/Hornos-y-Parrillas/Smeg-Horno-de-gas-60cm/p/656841
Costco,02-04-2024,Smeg Parrilla barbacoa eléctrica 30cm,,https://www.costco.com.mx/Linea-Blanca-y-Cocina/Linea-Blanca/Hornos-y-Parrillas/Smeg-Parrilla-barbacoa-electrica-30cm/p/656851
Costco,02-04-2024,"Horno de convección computarizado San-Son, acero inoxidable ",,https://www.costco.com.mx/Linea-Blanca-y-Cocina/Linea-Blanca/Hornos-y-Parrillas/Horno-de-conveccion-computarizado-San-Son-acero-inoxidable/p/658634
Costco,02-04-2024,"Parrilla profesional San-Son con 2 quemadores, acero inoxidable ",,https://www.costco.com.mx/Linea-Blanca-y-Cocina/Linea-Blanca/Hornos-y-Parrillas/Parrilla-profesional-San-Son-con-2-quemadores-acero-inoxidable/p/658641
Costco,02-04-2024,"Asador profesional San-Son de 12' con 1 quemador, acero inoxidable ",,https://www.costco.com.mx/Linea-Blanca-y-Cocina/Linea-Blanca/Hornos-y-Parrillas/Asador-profesional-San-Son-de-12-con-1-quemador-acero-inoxidable/p/658659
Costco,02-04-2024,Smeg Parrilla eléctrica 30cm,,https://www.costco.com.mx/Linea-Blanca-y-Cocina/Linea-Blanca/Hornos-y-Parrillas/Smeg-Parrilla-electrica-30cm/p/671494
Costco,02-04-2024,Smeg Horno eléctrico 75cm,,https://www.costco.com.mx/Linea-Blanca-y-Cocina/Linea-Blanca/Hornos-y-Parrillas/Smeg-Horno-electrico-75cm/p/671498
Costco,02-04-2024,Teka Parrilla de gas 5 quemadores 68cm + campana empotrable 80cm,,https://www.costco.com.mx/Linea-Blanca-y-Cocina/Linea-Blanca/Hornos-y-Parrillas/Teka-Parrilla-de-gas-5-quemadores-68cm-campana-empotrable-80cm/p/620277
Costco,02-04-2024,Whirlpool Parrilla de gas 5 quemadores 86cm,,https://www.costco.com.mx/Linea-Blanca-y-Cocina/Linea-Blanca/Hornos-y-Parrillas/Whirlpool-Parrilla-de-gas-5-quemadores-86cm/p/524201
Costco,02-04-2024,KitchenAid Horno 30´ ,,https://www.costco.com.mx/Linea-Blanca-y-Cocina/Linea-Blanca/Hornos-y-Parrillas/KitchenAid-Horno-30/p/640391
Costco,02-04-2024,"Carrier, Aire Acondicionado Minisplit Inverter con Wi-Fi, 36,000 btus 220V, enfriamiento y calefacción, 17 SEER",,https://www.costco.com.mx/Electrodomesticos/Climatizacion/Calentadores/Carrier-Aire-Acondicionado-Minisplit-Inverter-con-Wi-Fi-36000-btus-220V-enfriamiento-y-calefaccion-17-SEER/p/676432
Costco,02-04-2024,"De'Longhi, Calentador Portátil de Aceite  ",,https://www.costco.com.mx/Electrodomesticos/Climatizacion/Calentadores/DeLonghi-Calentador-Portatil-de-Aceite/p/653001
Costco,02-04-2024,"LG Aire Acondicionado ArtCool Inverter, VR122HD, Frío y Calor, 220V, 1 Tonelada, 12,000 BTU/h, WiFi",,https://www.costco.com.mx/Electrodomesticos/Climatizacion/Calentadores/LG-Aire-Acondicionado-ArtCool-Inverter-VR122HD-Frio-y-Calor-220V-1-Tonelada-12000-BTUh-WiFi/p/677140
Costco,02-04-2024,"LG Aire Acondicionado ArtCool Inverter, VR242HW, Frío y Calor, 220V, 2 Toneladas, 22,000 BTU/h, WiFi",,https://www.costco.com.mx/Electrodomesticos/Climatizacion/Calentadores/LG-Aire-Acondicionado-ArtCool-Inverter-VR242HW-Frio-y-Calor-220V-2-Toneladas-22000-BTUh-WiFi/p/677144
Costco,02-04-2024,"De'Longhi, Calentador de Aceite Portátil, TRLS0715EL",,https://www.costco.com.mx/Electrodomesticos/Climatizacion/Calentadores/DeLonghi-Calentador-de-Aceite-Portatil-TRLS0715EL/p/674429
Costco,02-04-2024,"LG Aire Acondicionado ArtCool Inverter, VR182HW, Frío y Calor, 220V,  1.5 Toneladas, 18,000 BTU/h, WiFi",,https://www.costco.com.mx/Electrodomesticos/Climatizacion/Calentadores/LG-Aire-Acondicionado-ArtCool-Inverter-VR182HW-Frio-y-Calor-220V-15-Toneladas-18000-BTUh-WiFi/p/677142
Costco,02-04-2024,"LG Estufa de gas 5 quemadores 30""",,https://www.costco.com.mx/Linea-Blanca-y-Cocina/Linea-Blanca/Estufas-y-Campanas-de-Cocina/LG-Estufa-de-gas-5-quemadores-30/p/676144
Costco,02-04-2024,LG Campana extractora y purificadora 90cm,,https://www.costco.com.mx/Linea-Blanca-y-Cocina/Linea-Blanca/Estufas-y-Campanas-de-Cocina/LG-Campana-extractora-y-purificadora-90cm/p/661928
Costco,02-04-2024,"Teka Estufa de gas empotrable con 6 quemadores 30"", puerta reflex",,https://www.costco.com.mx/Linea-Blanca-y-Cocina/Linea-Blanca/Estufas-y-Campanas-de-Cocina/Teka-Estufa-de-gas-empotrable-con-6-quemadores-30-puerta-reflex/p/659788
Costco,02-04-2024,LG Combo Estufa De Piso a Gas Con Campana Extractora Hez3605S,,https://www.costco.com.mx/Linea-Blanca-y-Cocina/Linea-Blanca/Estufas-y-Campanas-de-Cocina/LG-Combo-Estufa-De-Piso-a-Gas-Con-Campana-Extractora-Hez3605S/p/684220
Costco,02-04-2024,Teka Campana de pared 70 Cm,,https://www.costco.com.mx/Linea-Blanca-y-Cocina/Linea-Blanca/Estufas-y-Campanas-de-Cocina/Teka-Campana-de-pared-70-Cm/p/667546
Costco,02-04-2024,"Smeg Estufa de gas con 5 quemadores 35""",,https://www.costco.com.mx/Linea-Blanca-y-Cocina/Linea-Blanca/Estufas-y-Campanas-de-Cocina/Smeg-Estufa-de-gas-con-5-quemadores-35/p/666869
Costco,02-04-2024,Samsung Combo de Campana y Estufa ,,https://www.costco.com.mx/Linea-Blanca-y-Cocina/Linea-Blanca/Estufas-y-Campanas-de-Cocina/Samsung-Combo-de-Campana-y-Estufa/p/684801
Costco,02-04-2024,"Smeg Estufa de gas 48""",,https://www.costco.com.mx/Linea-Blanca-y-Cocina/Linea-Blanca/Estufas-y-Campanas-de-Cocina/Smeg-Estufa-de-gas-48/p/659200
Costco,02-04-2024,Smeg Campana 90Cm Downdraft,,https://www.costco.com.mx/Linea-Blanca-y-Cocina/Linea-Blanca/Estufas-y-Campanas-de-Cocina/Smeg-Campana-90Cm-Downdraft/p/671478
Costco,02-04-2024,Teka campana de pared 91cm acero inoxidable,,https://www.costco.com.mx/Linea-Blanca-y-Cocina/Linea-Blanca/Estufas-y-Campanas-de-Cocina/Teka-campana-de-pared-91cm-acero-inoxidable/p/537558
Costco,02-04-2024,Smeg Campana de isla 90cm,,https://www.costco.com.mx/Linea-Blanca-y-Cocina/Linea-Blanca/Estufas-y-Campanas-de-Cocina/Smeg-Campana-de-isla-90cm/p/659233
Costco,02-04-2024,Teka campana de isla 91cm,,https://www.costco.com.mx/Linea-Blanca-y-Cocina/Linea-Blanca/Estufas-y-Campanas-de-Cocina/Teka-campana-de-isla-91cm/p/537571
Costco,02-04-2024,"Estufa San-Son 7 equipos en uno, color negro ",,https://www.costco.com.mx/Linea-Blanca-y-Cocina/Linea-Blanca/Estufas-y-Campanas-de-Cocina/Estufa-San-Son-7-equipos-en-uno-color-negro/p/658662
Costco,02-04-2024,Elica Campana de pared 90cm ,,https://www.costco.com.mx/Linea-Blanca-y-Cocina/Linea-Blanca/Estufas-y-Campanas-de-Cocina/Elica-Campana-de-pared-90cm/p/670431
Costco,02-04-2024,Elica Campana de Isla 90cm Cignoli ,,https://www.costco.com.mx/Linea-Blanca-y-Cocina/Linea-Blanca/Estufas-y-Campanas-de-Cocina/Elica-Campana-de-Isla-90cm-Cignoli/p/673355
Costco,02-04-2024,Whirlpool Campana de pared 90cm,,https://www.costco.com.mx/Linea-Blanca-y-Cocina/Linea-Blanca/Estufas-y-Campanas-de-Cocina/Whirlpool-Campana-de-pared-90cm/p/679568
Costco,02-04-2024,"Smeg Estufa Portofino de gas con 4 quemadores 30""",,https://www.costco.com.mx/Linea-Blanca-y-Cocina/Linea-Blanca/Estufas-y-Campanas-de-Cocina/Smeg-Estufa-Portofino-de-gas-con-4-quemadores-30/p/677233
Costco,02-04-2024,Whirlpool Combo parrilla y campana,,https://www.costco.com.mx/Linea-Blanca-y-Cocina/Linea-Blanca/Estufas-y-Campanas-de-Cocina/Whirlpool-Combo-parrilla-y-campana/p/674624
Costco,02-04-2024,Whirlpool Campana de pared 90cm,,https://www.costco.com.mx/Linea-Blanca-y-Cocina/Linea-Blanca/Estufas-y-Campanas-de-Cocina/Whirlpool-Campana-de-pared-90cm/p/675252
Costco,02-04-2024,"Bertazzoni Estufa de gas 48"" 6 quemadores",,https://www.costco.com.mx/Linea-Blanca-y-Cocina/Linea-Blanca/Estufas-y-Campanas-de-Cocina/Bertazzoni-Estufa-de-gas-48-6-quemadores/p/672910
Costco,02-04-2024,Smeg Estufa de piso de gas con 4 quemadores 30”,,https://www.costco.com.mx/Linea-Blanca-y-Cocina/Linea-Blanca/Estufas-y-Campanas-de-Cocina/Smeg-Estufa-de-piso-de-gas-con-4-quemadores-30/p/676566
Costco,02-04-2024,"Bosch Campana de pared 36""",,https://www.costco.com.mx/Linea-Blanca-y-Cocina/Linea-Blanca/Estufas-y-Campanas-de-Cocina/Bosch-Campana-de-pared-36/p/683050
Costco,02-04-2024,Teka Campana de isla 107cm,,https://www.costco.com.mx/Linea-Blanca-y-Cocina/Linea-Blanca/Estufas-y-Campanas-de-Cocina/Teka-Campana-de-isla-107cm/p/665116
Costco,02-04-2024,Smeg Campana de pared 90cm,,https://www.costco.com.mx/Linea-Blanca-y-Cocina/Linea-Blanca/Estufas-y-Campanas-de-Cocina/Smeg-Campana-de-pared-90cm/p/659256
Costco,02-04-2024,"Carrier, Aire Acondicionado Minisplit Inverter con Wi-Fi, 36,000 btus 220V, enfriamiento y calefacción, 17 SEER",,https://www.costco.com.mx/Electrodomesticos/Climatizacion/Calentadores/Carrier-Aire-Acondicionado-Minisplit-Inverter-con-Wi-Fi-36000-btus-220V-enfriamiento-y-calefaccion-17-SEER/p/676432
Costco,02-04-2024,"De'Longhi, Calentador Portátil de Aceite  ",,https://www.costco.com.mx/Electrodomesticos/Climatizacion/Calentadores/DeLonghi-Calentador-Portatil-de-Aceite/p/653001
Costco,02-04-2024,"LG Aire Acondicionado ArtCool Inverter, VR122HD, Frío y Calor, 220V, 1 Tonelada, 12,000 BTU/h, WiFi",,https://www.costco.com.mx/Electrodomesticos/Climatizacion/Calentadores/LG-Aire-Acondicionado-ArtCool-Inverter-VR122HD-Frio-y-Calor-220V-1-Tonelada-12000-BTUh-WiFi/p/677140
Costco,02-04-2024,"LG Aire Acondicionado ArtCool Inverter, VR242HW, Frío y Calor, 220V, 2 Toneladas, 22,000 BTU/h, WiFi",,https://www.costco.com.mx/Electrodomesticos/Climatizacion/Calentadores/LG-Aire-Acondicionado-ArtCool-Inverter-VR242HW-Frio-y-Calor-220V-2-Toneladas-22000-BTUh-WiFi/p/677144
Costco,02-04-2024,"De'Longhi, Calentador de Aceite Portátil, TRLS0715EL",,https://www.costco.com.mx/Electrodomesticos/Climatizacion/Calentadores/DeLonghi-Calentador-de-Aceite-Portatil-TRLS0715EL/p/674429
Costco,02-04-2024,"LG Aire Acondicionado ArtCool Inverter, VR182HW, Frío y Calor, 220V,  1.5 Toneladas, 18,000 BTU/h, WiFi",,https://www.costco.com.mx/Electrodomesticos/Climatizacion/Calentadores/LG-Aire-Acondicionado-ArtCool-Inverter-VR182HW-Frio-y-Calor-220V-15-Toneladas-18000-BTUh-WiFi/p/677142
Costco,02-04-2024,"LG Estufa de gas 5 quemadores 30""",,https://www.costco.com.mx/Linea-Blanca-y-Cocina/Linea-Blanca/Estufas-y-Campanas-de-Cocina/LG-Estufa-de-gas-5-quemadores-30/p/676144
Costco,02-04-2024,LG Campana extractora y purificadora 90cm,,https://www.costco.com.mx/Linea-Blanca-y-Cocina/Linea-Blanca/Estufas-y-Campanas-de-Cocina/LG-Campana-extractora-y-purificadora-90cm/p/661928
Costco,02-04-2024,"Teka Estufa de gas empotrable con 6 quemadores 30"", puerta reflex",,https://www.costco.com.mx/Linea-Blanca-y-Cocina/Linea-Blanca/Estufas-y-Campanas-de-Cocina/Teka-Estufa-de-gas-empotrable-con-6-quemadores-30-puerta-reflex/p/659788
Costco,02-04-2024,LG Combo Estufa De Piso a Gas Con Campana Extractora Hez3605S,,https://www.costco.com.mx/Linea-Blanca-y-Cocina/Linea-Blanca/Estufas-y-Campanas-de-Cocina/LG-Combo-Estufa-De-Piso-a-Gas-Con-Campana-Extractora-Hez3605S/p/684220
Costco,02-04-2024,Teka Campana de pared 70 Cm,,https://www.costco.com.mx/Linea-Blanca-y-Cocina/Linea-Blanca/Estufas-y-Campanas-de-Cocina/Teka-Campana-de-pared-70-Cm/p/667546
Costco,02-04-2024,"Smeg Estufa de gas con 5 quemadores 35""",,https://www.costco.com.mx/Linea-Blanca-y-Cocina/Linea-Blanca/Estufas-y-Campanas-de-Cocina/Smeg-Estufa-de-gas-con-5-quemadores-35/p/666869
Costco,02-04-2024,Samsung Combo de Campana y Estufa ,,https://www.costco.com.mx/Linea-Blanca-y-Cocina/Linea-Blanca/Estufas-y-Campanas-de-Cocina/Samsung-Combo-de-Campana-y-Estufa/p/684801
Costco,02-04-2024,"Smeg Estufa de gas 48""",,https://www.costco.com.mx/Linea-Blanca-y-Cocina/Linea-Blanca/Estufas-y-Campanas-de-Cocina/Smeg-Estufa-de-gas-48/p/659200
Costco,02-04-2024,Smeg Campana 90Cm Downdraft,,https://www.costco.com.mx/Linea-Blanca-y-Cocina/Linea-Blanca/Estufas-y-Campanas-de-Cocina/Smeg-Campana-90Cm-Downdraft/p/671478
Costco,02-04-2024,Teka campana de pared 91cm acero inoxidable,,https://www.costco.com.mx/Linea-Blanca-y-Cocina/Linea-Blanca/Estufas-y-Campanas-de-Cocina/Teka-campana-de-pared-91cm-acero-inoxidable/p/537558
Costco,02-04-2024,Smeg Campana de isla 90cm,,https://www.costco.com.mx/Linea-Blanca-y-Cocina/Linea-Blanca/Estufas-y-Campanas-de-Cocina/Smeg-Campana-de-isla-90cm/p/659233
Costco,02-04-2024,Teka campana de isla 91cm,,https://www.costco.com.mx/Linea-Blanca-y-Cocina/Linea-Blanca/Estufas-y-Campanas-de-Cocina/Teka-campana-de-isla-91cm/p/537571
Costco,02-04-2024,"Estufa San-Son 7 equipos en uno, color negro ",,https://www.costco.com.mx/Linea-Blanca-y-Cocina/Linea-Blanca/Estufas-y-Campanas-de-Cocina/Estufa-San-Son-7-equipos-en-uno-color-negro/p/658662
Costco,02-04-2024,Elica Campana de pared 90cm ,,https://www.costco.com.mx/Linea-Blanca-y-Cocina/Linea-Blanca/Estufas-y-Campanas-de-Cocina/Elica-Campana-de-pared-90cm/p/670431
Costco,02-04-2024,Elica Campana de Isla 90cm Cignoli ,,https://www.costco.com.mx/Linea-Blanca-y-Cocina/Linea-Blanca/Estufas-y-Campanas-de-Cocina/Elica-Campana-de-Isla-90cm-Cignoli/p/673355
Costco,02-04-2024,Whirlpool Campana de pared 90cm,,https://www.costco.com.mx/Linea-Blanca-y-Cocina/Linea-Blanca/Estufas-y-Campanas-de-Cocina/Whirlpool-Campana-de-pared-90cm/p/679568
Costco,02-04-2024,"Smeg Estufa Portofino de gas con 4 quemadores 30""",,https://www.costco.com.mx/Linea-Blanca-y-Cocina/Linea-Blanca/Estufas-y-Campanas-de-Cocina/Smeg-Estufa-Portofino-de-gas-con-4-quemadores-30/p/677233
Costco,02-04-2024,Whirlpool Combo parrilla y campana,,https://www.costco.com.mx/Linea-Blanca-y-Cocina/Linea-Blanca/Estufas-y-Campanas-de-Cocina/Whirlpool-Combo-parrilla-y-campana/p/674624
Costco,02-04-2024,Whirlpool Campana de pared 90cm,,https://www.costco.com.mx/Linea-Blanca-y-Cocina/Linea-Blanca/Estufas-y-Campanas-de-Cocina/Whirlpool-Campana-de-pared-90cm/p/675252
Costco,02-04-2024,"Bertazzoni Estufa de gas 48"" 6 quemadores",,https://www.costco.com.mx/Linea-Blanca-y-Cocina/Linea-Blanca/Estufas-y-Campanas-de-Cocina/Bertazzoni-Estufa-de-gas-48-6-quemadores/p/672910
Costco,02-04-2024,Smeg Estufa de piso de gas con 4 quemadores 30”,,https://www.costco.com.mx/Linea-Blanca-y-Cocina/Linea-Blanca/Estufas-y-Campanas-de-Cocina/Smeg-Estufa-de-piso-de-gas-con-4-quemadores-30/p/676566
Costco,02-04-2024,"Bosch Campana de pared 36""",,https://www.costco.com.mx/Linea-Blanca-y-Cocina/Linea-Blanca/Estufas-y-Campanas-de-Cocina/Bosch-Campana-de-pared-36/p/683050
Costco,02-04-2024,Teka Campana de isla 107cm,,https://www.costco.com.mx/Linea-Blanca-y-Cocina/Linea-Blanca/Estufas-y-Campanas-de-Cocina/Teka-Campana-de-isla-107cm/p/665116
Costco,02-04-2024,Smeg Campana de pared 90cm,,https://www.costco.com.mx/Linea-Blanca-y-Cocina/Linea-Blanca/Estufas-y-Campanas-de-Cocina/Smeg-Campana-de-pared-90cm/p/659256
