Canal,Fecha,categoria,sku,marca,descripcion,precio,links
THD,2024-04-02,Refigeradores,668539,LG,LG Refrigerador 27´Duplex Instaview Door in Door con Dispensador de agua,,https://www.costco.com.mx/Linea-Blanca-y-Cocina/Linea-Blanca/Refrigeradores-y-Congeladores/LG-Refrigerador-27Duplex-Instaview-Door-in-Door-con-Dispensador-de-agua/p/668539
THD,2024-04-02,Refigeradores,675431,LG,LG Refrigerador 29' French Door Multi-Air Flow,,https://www.costco.com.mx/Linea-Blanca-y-Cocina/Linea-Blanca/Refrigeradores-y-Congeladores/LG-Refrigerador-29-French-Door-Multi-Air-Flow/p/675431
THD,2024-04-02,Refigeradores,675388,Dace,Dace Refrigerador 7',,https://www.costco.com.mx/Linea-Blanca-y-Cocina/Linea-Blanca/Refrigeradores-y-Congeladores/Dace-Refrigerador-7/p/675388
THD,2024-04-02,Refigeradores,521310,Teka,"Teka Refrigerador de 19' cuatro puertas dual cooling system, color acero inoxidable",,https://www.costco.com.mx/Linea-Blanca-y-Cocina/Linea-Blanca/Refrigeradores-y-Congeladores/Teka-Refrigerador-de-19-cuatro-puertas-dual-cooling-system-color-acero-inoxidable/p/521310
THD,2024-04-02,Refigeradores,656465,LG,LG Refrigerador 25' French Door Door Cooling,,https://www.costco.com.mx/Linea-Blanca-y-Cocina/Linea-Blanca/Refrigeradores-y-Congeladores/LG-Refrigerador-25-French-Door-Door-Cooling/p/656465
THD,2024-04-02,Refigeradores,625824,LG,LG Refrigerador 22' French Door con Dispensador de agua,,https://www.costco.com.mx/Linea-Blanca-y-Cocina/Linea-Blanca/Refrigeradores-y-Congeladores/LG-Refrigerador-22-French-Door-con-Dispensador-de-agua/p/625824
THD,2024-04-02,Refigeradores,659548,LG,LG Refrigerador 20' Top Mount Multi-Air Flow,,https://www.costco.com.mx/Linea-Blanca-y-Cocina/Linea-Blanca/Refrigeradores-y-Congeladores/LG-Refrigerador-20-Top-Mount-Multi-Air-Flow/p/659548
THD,2024-04-02,Refigeradores,791005,Danby,Danby Congelador 10´,,https://www.costco.com.mx/Linea-Blanca-y-Cocina/Linea-Blanca/Refrigeradores-y-Congeladores/Danby-Congelador-10/p/791005
THD,2024-04-02,Refigeradores,657755,LG,LG Refrigerador 30' Instaview Door-in-Door,,https://www.costco.com.mx/Linea-Blanca-y-Cocina/Linea-Blanca/Refrigeradores-y-Congeladores/LG-Refrigerador-30-Instaview-Door-in-Door/p/657755
THD,2024-04-02,Refigeradores,677230,Hisense,Hisense Refrigerador 21' cuatro puertas,,https://www.costco.com.mx/Linea-Blanca-y-Cocina/Linea-Blanca/Refrigeradores-y-Congeladores/Hisense-Refrigerador-21-cuatro-puertas/p/677230
THD,2024-04-02,Refigeradores,674427,LG,LG Refrigerador 28' French Door Door Cooling,,https://www.costco.com.mx/Linea-Blanca-y-Cocina/Linea-Blanca/Refrigeradores-y-Congeladores/LG-Refrigerador-28-French-Door-Door-Cooling/p/674427
THD,2024-04-02,Refigeradores,681751,Samsung,Samsung Refrigerador de 32´ French Door con Centro de Bebidas,,https://www.costco.com.mx/Linea-Blanca-y-Cocina/Linea-Blanca/Refrigeradores-y-Congeladores/Samsung-Refrigerador-de-32-French-Door-con-Centro-de-Bebidas/p/681751
THD,2024-04-02,Refigeradores,668446,LG,"LG Refrigerador 22' Duplex Door in Door, Door Cooling",,https://www.costco.com.mx/Linea-Blanca-y-Cocina/Linea-Blanca/Refrigeradores-y-Congeladores/LG-Refrigerador-22-Duplex-Door-in-Door-Door-Cooling/p/668446
THD,2024-04-02,Refigeradores,649824,Maytag,Maytag Refrigerador 25' French Door,,https://www.costco.com.mx/Linea-Blanca-y-Cocina/Linea-Blanca/Refrigeradores-y-Congeladores/Maytag-Refrigerador-25-French-Door/p/649824
THD,2024-04-02,Refigeradores,671692,LG,LG Refrigerador 27' Duplex con Dispensador de agua,,https://www.costco.com.mx/Linea-Blanca-y-Cocina/Linea-Blanca/Refrigeradores-y-Congeladores/LG-Refrigerador-27-Duplex-con-Dispensador-de-agua/p/671692
THD,2024-04-02,Refigeradores,678130,Whirlpool,Whirlpool Refrigerador 25' 7WRS25SDHM,,https://www.costco.com.mx/Linea-Blanca-y-Cocina/Linea-Blanca/Refrigeradores-y-Congeladores/Whirlpool-Refrigerador-25-7WRS25SDHM/p/678130
THD,2024-04-02,Refigeradores,674600,Whirlpool,Whirlpool Refrigerador 25' Side by Side,,https://www.costco.com.mx/Linea-Blanca-y-Cocina/Linea-Blanca/Refrigeradores-y-Congeladores/Whirlpool-Refrigerador-25-Side-by-Side/p/674600
THD,2024-04-02,Refigeradores,677228,Whirlpool,Whirlpool Refrigerador 21' French Door,,https://www.costco.com.mx/Linea-Blanca-y-Cocina/Linea-Blanca/Refrigeradores-y-Congeladores/Whirlpool-Refrigerador-21-French-Door/p/677228
THD,2024-04-02,Refigeradores,681746,Samsung,Samsung Refrigerador 31' French Door Family Hub,,https://www.costco.com.mx/Linea-Blanca-y-Cocina/Linea-Blanca/Refrigeradores-y-Congeladores/Samsung-Refrigerador-31-French-Door-Family-Hub/p/681746
THD,2024-04-02,Refigeradores,681344,Samsung,Samsung Refrigerador 31' French Door,,https://www.costco.com.mx/Linea-Blanca-y-Cocina/Linea-Blanca/Refrigeradores-y-Congeladores/Samsung-Refrigerador-31-French-Door/p/681344
THD,2024-04-02,Refigeradores,680478,Teka,Teka Refrigerador 27´Side by Side,,https://www.costco.com.mx/Linea-Blanca-y-Cocina/Linea-Blanca/Refrigeradores-y-Congeladores/Teka-Refrigerador-27Side-by-Side/p/680478
THD,2024-04-02,Refigeradores,670473,Whirlpool,Whirlpool Congelador horizontal 11',,https://www.costco.com.mx/Linea-Blanca-y-Cocina/Linea-Blanca/Refrigeradores-y-Congeladores/Whirlpool-Congelador-horizontal-11/p/670473
THD,2024-04-02,Refigeradores,670471,Whirlpool,Whirlpool Congelador horizontal 7',,https://www.costco.com.mx/Linea-Blanca-y-Cocina/Linea-Blanca/Refrigeradores-y-Congeladores/Whirlpool-Congelador-horizontal-7/p/670471
THD,2024-04-02,Refigeradores,681343,Samsung,Samsung Refrigerador 32´ French Door,,https://www.costco.com.mx/Linea-Blanca-y-Cocina/Linea-Blanca/Refrigeradores-y-Congeladores/Samsung-Refrigerador-32-French-Door/p/681343
THD,2024-04-02,Refigeradores,668529,LG,LG Refrigerador 22' Duplex Door in Door con Dispensador de agua,,https://www.costco.com.mx/Linea-Blanca-y-Cocina/Linea-Blanca/Refrigeradores-y-Congeladores/LG-Refrigerador-22-Duplex-Door-in-Door-con-Dispensador-de-agua/p/668529
THD,2024-04-02,Refigeradores,671584,Smeg,Smeg Refrigerador 22' French Door,,https://www.costco.com.mx/Linea-Blanca-y-Cocina/Linea-Blanca/Refrigeradores-y-Congeladores/Smeg-Refrigerador-22-French-Door/p/671584
THD,2024-04-02,Refigeradores,545989,Whirlpool,Whirlpool Refrigerador y congelador de 18´ sidekicks,,https://www.costco.com.mx/Linea-Blanca-y-Cocina/Linea-Blanca/Refrigeradores-y-Congeladores/Whirlpool-Refrigerador-y-congelador-de-18-sidekicks/p/545989
THD,2024-04-02,Refigeradores,675740,Bertazzoni,Bertazzoni Refrigerador 24' Bottom Mount con puertas panelables,,https://www.costco.com.mx/Linea-Blanca-y-Cocina/Linea-Blanca/Refrigeradores-y-Congeladores/Bertazzoni-Refrigerador-24-Bottom-Mount-con-puertas-panelables/p/675740
THD,2024-04-02,Refigeradores,676485,Bertazzoni,Bertazzoni Refrigerador 36' French Door,,https://www.costco.com.mx/Linea-Blanca-y-Cocina/Linea-Blanca/Refrigeradores-y-Congeladores/Bertazzoni-Refrigerador-36-French-Door/p/676485
THD,2024-04-02,Refigeradores,684409,Refrigerador,Refrigerador Bespoke 32' French Door,,https://www.costco.com.mx/Linea-Blanca-y-Cocina/Linea-Blanca/Refrigeradores-y-Congeladores/Refrigerador-Bespoke-32-French-Door/p/684409
THD,2024-04-02,Refigeradores,684908,Hisense,Hisense Refrigerador Bottom Mount 15FT,,https://www.costco.com.mx/Linea-Blanca-y-Cocina/Linea-Blanca/Refrigeradores-y-Congeladores/Hisense-Refrigerador-Bottom-Mount-15FT/p/684908
THD,2024-04-02,Refigeradores,658892,Samsung,Samsung Refrigerador 27' Dúplex,,https://www.costco.com.mx/Linea-Blanca-y-Cocina/Linea-Blanca/Refrigeradores-y-Congeladores/Samsung-Refrigerador-27-Duplex/p/658892
THD,2024-04-02,Refigeradores,679182,Samsung,Samsung Refrigerador 25' French Door,,https://www.costco.com.mx/Linea-Blanca-y-Cocina/Linea-Blanca/Refrigeradores-y-Congeladores/Samsung-Refrigerador-25-French-Door/p/679182
