Canal,Fecha,descripcion,marca,precio
Costco,16-04-2024,,,
Costco,16-04-2024,Danby Congelador 10´,Danby,"$6,999"
Costco,16-04-2024,Maytag Refrigerador 25' French Door,Maytag,"$39,999"
Costco,16-04-2024,LG Refrigerador 25' French Door Door Cooling,LG,"$27,999"
Costco,16-04-2024,LG Refrigerador 30' Instaview Door-in-Door,LG,"$79,999"
Costco,16-04-2024,Maytag Refrigerador 21' Top Mount,Maytag,"$20,999"
Costco,16-04-2024,Samsung Refrigerador de 32´ French Door con Centro de Bebidas ,Samsung,"$34,999"
Costco,16-04-2024,Refrigerador Bespoke 32' French Door,Refrigerador,"$42,999"
Costco,16-04-2024,LG Refrigerador 28' French Door Door Cooling,LG,"$37,499"
Costco,16-04-2024,Samsung Refrigerador 32´ French Door,Samsung,"$37,999"
Costco,16-04-2024,Samsung Refrigerador 27' Family Hub,Samsung,"$56,999"
Costco,16-04-2024,Whirlpool Refrigerador 25' Dúplex,Whirlpool,"$26,999"
Costco,16-04-2024,Whirlpool Refrigerador 21' Top Mount,Whirlpool,"$19,999"
Costco,16-04-2024,KitchenAid Refrigerador French Door 27',KitchenAid,"$89,999"
Costco,16-04-2024,LG Refrigerador 27' Duplex con Dispensador de agua,LG,"$35,999"
Costco,16-04-2024,Bertazzoni Refrigerador 36' French Door,Bertazzoni,"$72,999"
Costco,16-04-2024,Samsung Refrigerador 31' French Door Family Hub,Samsung,"$69,999"
Costco,16-04-2024,Samsung Refrigerador 31' French Door,Samsung,"$44,999"
Costco,16-04-2024,Whirlpool Refrigerador 20' French Door,Whirlpool,"$32,999"
Costco,16-04-2024,Samsung Refrigerador 22' Family Hub,Samsung,"$42,999"
Costco,16-04-2024,KitchenAid Refrigerador de 20' French Door,KitchenAid,"$49,999"
Costco,16-04-2024,Whirlpool Congelador horizontal 11',Whirlpool,"$14,499"
Costco,16-04-2024,Whirlpool Refrigerador 17' Bottom Mount,Whirlpool,"$19,999"
Costco,16-04-2024,Smeg Refrigerador 22' French Door,Smeg,"$56,999"
Canal,Fecha,categoria,descripcion,marca,precio
Costco,16-04-2024,https:,,,
Costco,16-04-2024,Refrigeradores-y-Congeladores,Danby Congelador 10´,Danby,"$6,999"
Costco,16-04-2024,Refrigeradores-y-Congeladores,Maytag Refrigerador 25' French Door,Maytag,"$39,999"
Costco,16-04-2024,Refrigeradores-y-Congeladores,LG Refrigerador 25' French Door Door Cooling,LG,"$27,999"
Costco,16-04-2024,Refrigeradores-y-Congeladores,LG Refrigerador 30' Instaview Door-in-Door,LG,"$79,999"
Costco,16-04-2024,Refrigeradores-y-Congeladores,Maytag Refrigerador 21' Top Mount,Maytag,"$20,999"
Costco,16-04-2024,Refrigeradores-y-Congeladores,Samsung Refrigerador de 32´ French Door con Centro de Bebidas ,Samsung,"$34,999"
Costco,16-04-2024,Refrigeradores-y-Congeladores,Refrigerador Bespoke 32' French Door,Refrigerador,"$42,999"
Costco,16-04-2024,Refrigeradores-y-Congeladores,LG Refrigerador 28' French Door Door Cooling,LG,"$37,499"
Costco,16-04-2024,Refrigeradores-y-Congeladores,Samsung Refrigerador 32´ French Door,Samsung,"$37,999"
Costco,16-04-2024,Refrigeradores-y-Congeladores,Samsung Refrigerador 27' Family Hub,Samsung,"$56,999"
Costco,16-04-2024,Refrigeradores-y-Congeladores,Whirlpool Refrigerador 25' Dúplex,Whirlpool,"$26,999"
Costco,16-04-2024,Refrigeradores-y-Congeladores,Whirlpool Refrigerador 21' Top Mount,Whirlpool,"$19,999"
Costco,16-04-2024,Refrigeradores-y-Congeladores,KitchenAid Refrigerador French Door 27',KitchenAid,"$89,999"
Costco,16-04-2024,Refrigeradores-y-Congeladores,LG Refrigerador 27' Duplex con Dispensador de agua,LG,"$35,999"
Costco,16-04-2024,Refrigeradores-y-Congeladores,Bertazzoni Refrigerador 36' French Door,Bertazzoni,"$72,999"
Costco,16-04-2024,Refrigeradores-y-Congeladores,Samsung Refrigerador 31' French Door Family Hub,Samsung,"$69,999"
Costco,16-04-2024,Refrigeradores-y-Congeladores,Samsung Refrigerador 31' French Door,Samsung,"$44,999"
Costco,16-04-2024,Refrigeradores-y-Congeladores,Whirlpool Refrigerador 20' French Door,Whirlpool,"$32,999"
Costco,16-04-2024,Refrigeradores-y-Congeladores,Samsung Refrigerador 22' Family Hub,Samsung,"$42,999"
Costco,16-04-2024,Refrigeradores-y-Congeladores,KitchenAid Refrigerador de 20' French Door,KitchenAid,"$49,999"
Costco,16-04-2024,Refrigeradores-y-Congeladores,Whirlpool Congelador horizontal 11',Whirlpool,"$14,499"
Costco,16-04-2024,Refrigeradores-y-Congeladores,Whirlpool Refrigerador 17' Bottom Mount,Whirlpool,"$19,999"
Costco,16-04-2024,Refrigeradores-y-Congeladores,Smeg Refrigerador 22' French Door,Smeg,"$56,999"
Canal,Fecha,categoria,subcategoria,descripcion,marca,precio
Costco,16-04-2024,https:,,,,
Costco,16-04-2024,Refrigeradores,Danby-Congelador-10,Danby Congelador 10´,Danby,"$6,999"
Costco,16-04-2024,Refrigeradores,Maytag-Refrigerador-25-French-Door,Maytag Refrigerador 25' French Door,Maytag,"$39,999"
Costco,16-04-2024,Refrigeradores,LG-Refrigerador-25-French-Door-Door-Cooling,LG Refrigerador 25' French Door Door Cooling,LG,"$27,999"
Costco,16-04-2024,Refrigeradores,LG-Refrigerador-30-Instaview-Door-in-Door,LG Refrigerador 30' Instaview Door-in-Door,LG,"$79,999"
Costco,16-04-2024,Refrigeradores,Maytag-Refrigerador-21-Top-Mount,Maytag Refrigerador 21' Top Mount,Maytag,"$20,999"
Costco,16-04-2024,Refrigeradores,Samsung-Refrigerador-de-32-French-Door-con-Centro-de-Bebidas,Samsung Refrigerador de 32´ French Door con Centro de Bebidas ,Samsung,"$34,999"
Costco,16-04-2024,Refrigeradores,Refrigerador-Bespoke-32-French-Door,Refrigerador Bespoke 32' French Door,Refrigerador,"$42,999"
Costco,16-04-2024,Refrigeradores,LG-Refrigerador-28-French-Door-Door-Cooling,LG Refrigerador 28' French Door Door Cooling,LG,"$37,499"
Costco,16-04-2024,Refrigeradores,Samsung-Refrigerador-32-French-Door,Samsung Refrigerador 32´ French Door,Samsung,"$37,999"
Costco,16-04-2024,Refrigeradores,Samsung-Refrigerador-27-Family-Hub,Samsung Refrigerador 27' Family Hub,Samsung,"$56,999"
Costco,16-04-2024,Refrigeradores,Whirlpool-Refrigerador-25-Duplex,Whirlpool Refrigerador 25' Dúplex,Whirlpool,"$26,999"
Costco,16-04-2024,Refrigeradores,Whirlpool-Refrigerador-21-Top-Mount,Whirlpool Refrigerador 21' Top Mount,Whirlpool,"$19,999"
Costco,16-04-2024,Refrigeradores,KitchenAid-Refrigerador-French-Door-27,KitchenAid Refrigerador French Door 27',KitchenAid,"$89,999"
Costco,16-04-2024,Refrigeradores,LG-Refrigerador-27-Duplex-con-Dispensador-de-agua,LG Refrigerador 27' Duplex con Dispensador de agua,LG,"$35,999"
Costco,16-04-2024,Refrigeradores,Bertazzoni-Refrigerador-36-French-Door,Bertazzoni Refrigerador 36' French Door,Bertazzoni,"$72,999"
Costco,16-04-2024,Refrigeradores,Samsung-Refrigerador-31-French-Door-Family-Hub,Samsung Refrigerador 31' French Door Family Hub,Samsung,"$69,999"
Costco,16-04-2024,Refrigeradores,Samsung-Refrigerador-31-French-Door,Samsung Refrigerador 31' French Door,Samsung,"$44,999"
Costco,16-04-2024,Refrigeradores,Whirlpool-Refrigerador-20-French-Door,Whirlpool Refrigerador 20' French Door,Whirlpool,"$32,999"
Costco,16-04-2024,Refrigeradores,Samsung-Refrigerador-22-Family-Hub,Samsung Refrigerador 22' Family Hub,Samsung,"$42,999"
Costco,16-04-2024,Refrigeradores,KitchenAid-Refrigerador-de-20-French-Door,KitchenAid Refrigerador de 20' French Door,KitchenAid,"$49,999"
Costco,16-04-2024,Refrigeradores,Whirlpool-Congelador-horizontal-11,Whirlpool Congelador horizontal 11',Whirlpool,"$14,499"
Costco,16-04-2024,Refrigeradores,Whirlpool-Refrigerador-17-Bottom-Mount,Whirlpool Refrigerador 17' Bottom Mount,Whirlpool,"$19,999"
Costco,16-04-2024,Refrigeradores,Smeg-Refrigerador-22-French-Door,Smeg Refrigerador 22' French Door,Smeg,"$56,999"
