Canal,Fecha,descripcion,precio
Elektra,18-04-2024,Refrigerador French Door Whirlpool WRX735SDHV 25p³ Negro,
Elektra,18-04-2024,Refrigerador Whirlpool 13p³ Xpert Energy Saver Wb1333a,
Elektra,18-04-2024,Refrigerador French Door 19.56 p³  Negro MWRF140SWHV,
Elektra,18-04-2024,Refrigerador Whirlpool French Door 19.56 p³ MWRF140SWHM,
Elektra,18-04-2024,Refrigerador 329L C/Despachador Plateado RT32A5710S8 Samsung,
Elektra,18-04-2024,Refrigerador Unipuerta 7 Ft Cubicos Negro RR63D6WBX Hisense,
Elektra,18-04-2024,Refrigerador 176cm Gris Despachador Agua RMA300FJMRE0 Mabe,
Elektra,18-04-2024,Refrigerador 2 Puertas C/Despachador 11 Pies GT32WPK LG,
Elektra,18-04-2024,,
Elektra,18-04-2024,,
Elektra,18-04-2024,,
Elektra,18-04-2024,,
Elektra,18-04-2024,,
Elektra,18-04-2024,Refrigerador 1 Puerta 7 Pies 176 Lt Blanco RR63D6WWX Hisense,
Elektra,18-04-2024,Refrigerador 11 Pies Cúbicos Plateado C/Smart Diagnosis LG,
Elektra,18-04-2024,Refrigerador Automático 15 pies Black Stainless Steel Mabe,
Elektra,18-04-2024,Refrigerador Automático 400 L (15 pies) Inoxidable Mabe,
Elektra,18-04-2024,Refrigerador Mabe 10 Pies Top Mount RMA1025YMXP0 Black Steel,
Elektra,18-04-2024,Refrigerador Automático 510 L (19 pies) Inoxidable Mabe,
Elektra,18-04-2024,Refrigerador 12 PIES XPERT ENERGY,
Elektra,18-04-2024,Refrigerador General Electric 25 Pies French Door PFM25LENCDS Stainless,
Elektra,18-04-2024,,
Elektra,18-04-2024,,
Elektra,18-04-2024,,
Elektra,18-04-2024,,
Elektra,18-04-2024,,
Elektra,18-04-2024,,
Elektra,18-04-2024,,
Elektra,18-04-2024,,
Elektra,18-04-2024,,
Elektra,18-04-2024,,
Elektra,18-04-2024,,
Elektra,18-04-2024,,
Elektra,18-04-2024,,
